Date,Close,Volume,Action
9/17/14,457.3340149,21056800,Buy
9/18/14,424.4400024,34483200,Buy
9/19/14,394.79599,37919700,Buy
9/20/14,408.9039917,36863600,Buy
9/21/14,398.8210144,26580100,Buy
9/22/14,402.1520081,24127600,Buy
9/23/14,435.7909851,45099500,Buy
9/24/14,423.2049866,30627700,Buy
9/25/14,411.5740051,26814400,Buy
9/26/14,404.4249878,21460800,Buy
9/27/14,399.519989,15029300,Buy
9/28/14,377.1809998,23613300,Buy
9/29/14,375.4670105,32497700,Buy
9/30/14,386.9440002,34707300,Buy
10/1/14,383.6149902,26229400,Buy
10/2/14,375.071991,21777700,Buy
10/3/14,359.5119934,30901200,Buy
10/4/14,328.8659973,47236500,Buy
10/5/14,320.5100098,83308096,Buy
10/6/14,330.07901,79011800,Buy
10/7/14,336.1870117,49199900,Buy
10/8/14,352.9400024,54736300,Buy
10/9/14,365.026001,83641104,Buy
10/10/14,361.5620117,43665700,Buy
10/11/14,362.2990112,13345200,Buy
10/12/14,378.5490112,17552800,Buy
10/13/14,390.4140015,35221400,Buy
10/14/14,400.8699951,38491500,Sell
10/15/14,394.7730103,25267100,Buy
10/16/14,382.5559998,26990000,Buy
10/17/14,383.7579956,13600700,Buy
10/18/14,391.4419861,11416800,Buy
10/19/14,389.54599,5914570,Buy
10/20/14,382.8450012,16419000,Buy
10/21/14,386.4750061,14188900,Buy
10/22/14,383.1579895,11641300,Buy
10/23/14,358.4169922,26456900,Buy
10/24/14,358.3450012,15585700,Buy
10/25/14,347.2709961,18127500,Buy
10/26/14,354.70401,11272500,Buy
10/27/14,352.9890137,13033000,Buy
10/28/14,357.6180115,7845880,Buy
10/29/14,335.5910034,18192700,Buy
10/30/14,345.3049927,30177900,Buy
10/31/14,338.3210144,12545400,Buy
11/1/14,325.7489929,16677200,Buy
11/2/14,325.8919983,8603620,Buy
11/3/14,327.5539856,12948500,Buy
11/4/14,330.4920044,15655500,Buy
11/5/14,339.4859924,19817200,Buy
11/6/14,349.2900085,18797000,Buy
11/7/14,342.4150085,16834200,Buy
11/8/14,345.4880066,8535470,Buy
11/9/14,363.2640076,24205600,Buy
11/10/14,366.9240112,30450100,Buy
11/11/14,367.6950073,15838900,Buy
11/12/14,423.5610046,45783200,Sell
11/13/14,420.7349854,58945000,Sell
11/14/14,397.8179932,29589200,Buy
11/15/14,376.1329956,15727500,Buy
11/16/14,387.8819885,11905600,Buy
11/17/14,387.4079895,41518800,Buy
11/18/14,375.197998,32222500,Buy
11/19/14,380.5549927,18931800,Buy
11/20/14,357.8399963,25233200,Buy
11/21/14,350.8479919,29850100,Buy
11/22/14,352.9200134,15273000,Buy
11/23/14,367.572998,15151600,Buy
11/24/14,376.901001,30930100,Buy
11/25/14,375.3479919,25442200,Buy
11/26/14,368.3699951,18601700,Buy
11/27/14,369.6700134,8748030,Buy
11/28/14,376.446991,22946500,Buy
11/29/14,375.4909973,15375600,Buy
11/30/14,378.0469971,9194440,Buy
12/1/14,379.2449951,11763000,Buy
12/2/14,381.3150024,12364100,Buy
12/3/14,375.0100098,13340100,Buy
12/4/14,369.6040039,14529600,Buy
12/5/14,376.8540039,15181800,Buy
12/6/14,374.7850037,7009320,Buy
12/7/14,375.0950012,6491650,Buy
12/8/14,361.9089966,18898700,Buy
12/9/14,352.2189941,32915500,Buy
12/10/14,346.3649902,16427700,Buy
12/11/14,350.506012,32431300,Buy
12/12/14,352.5419922,16989800,Buy
12/13/14,347.3760071,11675900,Buy
12/14/14,351.6319885,12415200,Buy
12/15/14,345.3450012,17264200,Buy
12/16/14,327.0620117,30864900,Buy
12/17/14,319.776001,37567900,Buy
12/18/14,311.3959961,39173000,Buy
12/19/14,317.8429871,23823100,Buy
12/20/14,329.9559937,20856700,Buy
12/21/14,320.8429871,15207600,Buy
12/22/14,331.8859863,22315100,Buy
12/23/14,334.571991,16574200,Buy
12/24/14,322.5339966,15092300,Buy
12/25/14,319.0079956,9883640,Buy
12/26/14,327.9240112,16410500,Buy
12/27/14,315.8630066,15185200,Buy
12/28/14,317.2390137,11676600,Buy
12/29/14,312.6700134,12302500,Buy
12/30/14,310.7369995,12528300,Buy
12/31/14,320.1929932,13942900,Buy
1/1/15,314.2489929,8036550,Buy
1/2/15,315.0320129,7860650,Buy
1/3/15,281.0820007,33054400,Buy
1/4/15,264.1950073,55629100,Buy
1/5/15,274.473999,43962800,Buy
1/6/15,286.1889954,23245700,Buy
1/7/15,294.3370056,24866800,Buy
1/8/15,283.348999,19982500,Buy
1/9/15,290.4079895,18718600,Buy
1/10/15,274.79599,15264300,Buy
1/11/15,265.6600037,18200800,Buy
1/12/15,267.79599,18880300,Buy
1/13/15,225.8609924,72843904,Buy
1/14/15,178.1029968,97638704,Buy
1/15/15,209.8439941,81773504,Buy
1/16/15,208.0970001,38421000,Buy
1/17/15,199.2599945,23469700,Buy
1/18/15,210.3390045,30085100,Buy
1/19/15,214.8609924,18658300,Buy
1/20/15,211.3150024,24051100,Buy
1/21/15,226.8970032,29924600,Buy
1/22/15,233.4060059,33544600,Buy
1/23/15,232.8789978,24621700,Buy
1/24/15,247.8470001,24782500,Buy
1/25/15,253.7180023,33582700,Buy
1/26/15,273.4729919,106794000,Buy
1/27/15,263.4750061,44399000,Buy
1/28/15,233.9149933,44352200,Buy
1/29/15,233.5130005,32213400,Buy
1/30/15,226.4250031,26605200,Buy
1/31/15,217.4640045,23348200,Buy
2/1/15,226.9720001,29128500,Buy
2/2/15,238.2290039,30612100,Buy
2/3/15,227.2680054,40783700,Buy
2/4/15,226.8529968,26594300,Buy
2/5/15,217.1109924,22516400,Buy
2/6/15,222.2660065,24435300,Buy
2/7/15,227.7539978,21604200,Buy
2/8/15,223.4120026,17145200,Buy
2/9/15,220.1100006,27791300,Buy
2/10/15,219.8390045,21115100,Buy
2/11/15,219.1849976,17201900,Buy
2/12/15,221.7640076,15206200,Buy
2/13/15,235.427002,42744400,Buy
2/14/15,257.3210144,49732500,Buy
2/15/15,234.8249969,56552400,Buy
2/16/15,233.8430023,28153700,Buy
2/17/15,243.6100006,27363100,Buy
2/18/15,236.326004,25200800,Buy
2/19/15,240.2830048,18270500,Buy
2/20/15,243.779007,23876700,Buy
2/21/15,244.5339966,12284200,Buy
2/22/15,235.977005,19527000,Buy
2/23/15,238.8919983,16400000,Buy
2/24/15,238.7350006,14200400,Buy
2/25/15,237.4700012,11496200,Buy
2/26/15,236.4259949,13619400,Buy
2/27/15,253.8280029,44013900,Buy
2/28/15,254.2630005,13949300,Buy
3/1/15,260.2019958,25213700,Buy
3/2/15,275.6700134,40465700,Buy
3/3/15,281.7019958,50461300,Buy
3/4/15,273.0920105,41383000,Buy
3/5/15,276.178009,41302400,Buy
3/6/15,272.7229919,28918900,Buy
3/7/15,276.2609863,17825900,Buy
3/8/15,274.3540039,22067900,Buy
3/9/15,289.6069946,59178200,Sell
3/10/15,291.7600098,67770800,Sell
3/11/15,296.3789978,33963900,Sell
3/12/15,294.3540039,32585200,Sell
3/13/15,285.3370056,31421500,Sell
3/14/15,281.8850098,22612300,Sell
3/15/15,286.3930054,11970100,Sell
3/16/15,290.5929871,21516100,Sell
3/17/15,285.5050049,21497200,Sell
3/18/15,256.2990112,57008000,Buy
3/19/15,260.928009,52732000,Buy
3/20/15,261.7489929,18456700,Buy
3/21/15,260.0249939,17130100,Buy
3/22/15,267.9599915,18438100,Buy
3/23/15,266.7399902,22811900,Buy
3/24/15,245.5950012,40073700,Buy
3/25/15,246.1970062,35866900,Buy
3/26/15,248.5319977,25730000,Buy
3/27/15,247.029007,17274900,Buy
3/28/15,252.7980042,16040900,Buy
3/29/15,242.7129974,21699400,Buy
3/30/15,247.526001,23009600,Buy
3/31/15,244.223999,22672000,Buy
4/1/15,247.2720032,22877200,Buy
4/2/15,253.0050049,26272600,Buy
4/3/15,254.3220062,23146600,Buy
4/4/15,253.6970062,12493500,Buy
4/5/15,260.5979919,19649200,Buy
4/6/15,255.4920044,20034200,Buy
4/7/15,253.1799927,18467400,Buy
4/8/15,245.0220032,30086400,Buy
4/9/15,243.6759949,21643500,Buy
4/10/15,236.0720062,28882000,Buy
4/11/15,236.552002,16365200,Buy
4/12/15,236.1529999,12387900,Buy
4/13/15,224.5870056,31181800,Buy
4/14/15,219.1589966,31719000,Buy
4/15/15,223.8329926,22562000,Buy
4/16/15,228.572998,24805400,Buy
4/17/15,222.8820038,20429800,Buy
4/18/15,223.3560028,12939000,Buy
4/19/15,222.6000061,15021500,Buy
4/20/15,224.6260071,18364700,Buy
4/21/15,235.2689972,24978000,Buy
4/22/15,234.1759949,23847900,Buy
4/23/15,236.4620056,17036000,Buy
4/24/15,231.2680054,21448700,Buy
4/25/15,226.3899994,13957200,Buy
4/26/15,219.4299927,28943700,Buy
4/27/15,229.2859955,38574000,Buy
4/28/15,225.8549957,21469200,Buy
4/29/15,225.8079987,18936500,Buy
4/30/15,236.1450043,33818600,Buy
5/1/15,232.0789948,18815300,Buy
5/2/15,234.9299927,12535500,Buy
5/3/15,240.3580017,18494100,Buy
5/4/15,239.0180054,21223400,Buy
5/5/15,236.1210022,23929100,Buy
5/6/15,229.7819977,29587200,Buy
5/7/15,237.3339996,29064400,Buy
5/8/15,243.8630066,27445500,Buy
5/9/15,241.8320007,19790500,Buy
5/10/15,240.2960052,15019100,Buy
5/11/15,242.1580048,20892300,Buy
5/12/15,241.1119995,19282600,Buy
5/13/15,236.3769989,27180100,Buy
5/14/15,236.9290009,24413700,Buy
5/15/15,237.6049957,16329400,Buy
5/16/15,236.1529999,11089700,Buy
5/17/15,236.802002,11134300,Buy
5/18/15,233.128006,16780300,Buy
5/19/15,231.9470062,14241900,Buy
5/20/15,234.0180054,15499400,Buy
5/21/15,235.3439941,15108900,Buy
5/22/15,240.3480072,27003000,Buy
5/23/15,238.871994,14605000,Buy
5/24/15,240.9530029,11508000,Buy
5/25/15,237.1100006,14423900,Buy
5/26/15,237.1159973,16425000,Buy
5/27/15,237.2830048,18837000,Buy
5/28/15,237.4080048,13829600,Buy
5/29/15,237.095993,14805000,Buy
5/30/15,233.3450012,14098600,Buy
5/31/15,230.1900024,14730800,Buy
6/1/15,222.9259949,26090500,Buy
6/2/15,225.8029938,20459000,Buy
6/3/15,225.8739929,17752400,Buy
6/4/15,224.3240051,14728100,Buy
6/5/15,224.9519958,18056500,Buy
6/6/15,225.6190033,11131500,Buy
6/7/15,222.8809967,13318400,Buy
6/8/15,228.4889984,23378400,Buy
6/9/15,229.0480042,28353100,Buy
6/10/15,228.8029938,15904800,Buy
6/11/15,229.7050018,14416000,Buy
6/12/15,229.9819946,14017700,Buy
6/13/15,232.4019928,13305300,Buy
6/14/15,233.5429993,12165900,Buy
6/15/15,236.822998,19912100,Buy
6/16/15,250.8950043,41612000,Buy
6/17/15,249.2839966,43858400,Buy
6/18/15,249.0070038,30980200,Buy
6/19/15,244.6060028,23965300,Buy
6/20/15,245.2120056,20608100,Buy
6/21/15,243.9440002,10600900,Buy
6/22/15,246.9900055,17692500,Buy
6/23/15,244.2960052,15108700,Buy
6/24/15,240.5149994,17344900,Buy
6/25/15,242.798996,16133100,Buy
6/26/15,243.5939941,13983500,Buy
6/27/15,250.9900055,20488600,Buy
6/28/15,249.0110016,15137600,Buy
6/29/15,257.0639954,34742900,Buy
6/30/15,263.071991,44533800,Buy
7/1/15,258.6210022,27029800,Buy
7/2/15,255.4120026,21551900,Buy
7/3/15,256.3359985,19033800,Buy
7/4/15,260.8859863,15620400,Buy
7/5/15,271.9129944,44156100,Buy
7/6/15,269.0299988,49154800,Buy
7/7/15,266.2070007,28857600,Buy
7/8/15,270.7850037,36980200,Buy
7/9/15,269.2279968,40301200,Buy
7/10/15,284.8940125,100390000,Buy
7/11/15,293.1149902,41109900,Sell
7/12/15,310.8670044,56405000,Sell
7/13/15,292.0539856,62053900,Sell
7/14/15,287.4639893,28727200,Sell
7/15/15,285.82901,27486600,Buy
7/16/15,278.0889893,49482600,Buy
7/17/15,279.4719849,27591400,Buy
7/18/15,274.901001,25187100,Buy
7/19/15,273.6140137,15332500,Buy
7/20/15,278.9809875,22711400,Buy
7/21/15,275.8330078,22930700,Buy
7/22/15,277.2219849,19389800,Buy
7/23/15,276.0490112,18531300,Buy
7/24/15,288.2780151,37199400,Buy
7/25/15,288.696991,20662200,Buy
7/26/15,292.6860046,16032300,Buy
7/27/15,293.6239929,30592000,Buy
7/28/15,294.427002,25453600,Buy
7/29/15,289.5899963,24672600,Buy
7/30/15,287.7219849,21635800,Buy
7/31/15,284.6499939,23629100,Buy
8/1/15,281.6010132,18995000,Buy
8/2/15,282.6140137,17722200,Buy
8/3/15,281.2269897,21474100,Buy
8/4/15,285.2179871,21908700,Buy
8/5/15,281.8819885,20128000,Buy
8/6/15,278.5769958,18792100,Buy
8/7/15,279.5849915,42484800,Buy
8/8/15,260.9970093,58533000,Buy
8/9/15,265.0830078,23789600,Buy
8/10/15,264.4700012,20979400,Buy
8/11/15,270.3859863,25433900,Buy
8/12/15,266.3760071,26815400,Buy
8/13/15,264.0799866,27685500,Buy
8/14/15,265.6799927,27091200,Buy
8/15/15,261.5509949,19321100,Buy
8/16/15,258.5069885,29717000,Buy
8/17/15,257.9760132,21617900,Buy
8/18/15,211.0789948,42147200,Buy
8/19/15,226.6840057,60869200,Buy
8/20/15,235.3500061,32275000,Buy
8/21/15,232.5690002,23173800,Buy
8/22/15,230.3899994,23205900,Buy
8/23/15,228.1690063,18406600,Buy
8/24/15,210.4949951,59220700,Buy
8/25/15,221.6089935,61089200,Buy
8/26/15,225.8309937,31808000,Buy
8/27/15,224.7689972,21905400,Buy
8/28/15,231.3959961,31336600,Buy
8/29/15,229.7799988,17142500,Buy
8/30/15,228.7610016,19412600,Buy
8/31/15,230.0559998,20710700,Buy
9/1/15,228.1210022,20575200,Buy
9/2/15,229.2839966,18760400,Buy
9/3/15,227.1829987,17482000,Buy
9/4/15,230.2980042,20962400,Buy
9/5/15,235.0189972,20671400,Buy
9/6/15,239.8399963,25473700,Buy
9/7/15,239.8470001,21192200,Buy
9/8/15,243.6069946,26879200,Buy
9/9/15,238.1679993,23635700,Buy
9/10/15,238.477005,21215500,Buy
9/11/15,240.1069946,19224700,Buy
9/12/15,235.2290039,17962600,Buy
9/13/15,230.5119934,18478800,Buy
9/14/15,230.6439972,20997800,Buy
9/15/15,230.3040009,19177800,Buy
9/16/15,229.0910034,20144200,Buy
9/17/15,229.8099976,18935400,Buy
9/18/15,232.9750061,20242200,Buy
9/19/15,231.4929962,12712600,Buy
9/20/15,231.2120056,14444700,Buy
9/21/15,227.0850067,19678800,Buy
9/22/15,230.6179962,25009300,Buy
9/23/15,230.2830048,17254100,Buy
9/24/15,234.529007,25097800,Buy
9/25/15,235.1439972,22363600,Buy
9/26/15,234.3399963,13724100,Buy
9/27/15,232.7570038,14179900,Buy
9/28/15,239.1419983,24713000,Buy
9/29/15,236.6869965,22691300,Buy
9/30/15,236.0599976,19743500,Buy
10/1/15,237.548996,20488800,Buy
10/2/15,237.2929993,19677900,Buy
10/3/15,238.7299957,16482700,Buy
10/4/15,238.2590027,12999000,Buy
10/5/15,240.3829956,23335900,Buy
10/6/15,246.0630035,27535100,Buy
10/7/15,242.9689941,22999200,Buy
10/8/15,242.3040009,18515300,Buy
10/9/15,243.9309998,17353100,Buy
10/10/15,244.9409943,15912700,Buy
10/11/15,247.0500031,16827300,Buy
10/12/15,245.3079987,17388300,Buy
10/13/15,249.5079956,28198500,Buy
10/14/15,251.9889984,27462600,Buy
10/15/15,254.3200073,25223500,Buy
10/16/15,262.868988,35901500,Buy
10/17/15,270.6400146,43199600,Buy
10/18/15,261.6430054,22434300,Buy
10/19/15,263.4370117,25258800,Buy
10/20/15,269.4630127,30889800,Buy
10/21/15,266.2720032,25637300,Buy
10/22/15,274.0230103,37808600,Buy
10/23/15,276.4960022,29442500,Buy
10/24/15,281.6539917,25942400,Buy
10/25/15,283.6799927,45717100,Buy
10/26/15,285.2999878,32108800,Buy
10/27/15,293.7879944,46331800,Buy
10/28/15,304.6180115,50808100,Buy
10/29/15,313.855011,64495900,Buy
10/30/15,328.0150146,78305000,Buy
10/31/15,314.1659851,48598100,Buy
11/1/15,325.4309998,37001100,Buy
11/2/15,361.1889954,101918000,Buy
11/3/15,403.4169922,206162000,Sell
11/4/15,411.5629883,263900000,Sell
11/5/15,386.3540039,151824992,Buy
11/6/15,374.4700012,122687000,Buy
11/7/15,386.4819946,56625100,Buy
11/8/15,373.3680115,51817600,Buy
11/9/15,380.2569885,68224400,Buy
11/10/15,336.8190002,95797904,Buy
11/11/15,311.0840149,107070000,Buy
11/12/15,338.1520081,78477800,Buy
11/13/15,336.7529907,52003000,Buy
11/14/15,332.9060059,38612000,Buy
11/15/15,320.1659851,44213100,Buy
11/16/15,330.7510071,47980100,Buy
11/17/15,335.0939941,51001600,Buy
11/18/15,334.5899963,43783800,Buy
11/19/15,326.1489868,45011100,Buy
11/20/15,322.0220032,53152900,Buy
11/21/15,326.927002,28200500,Buy
11/22/15,324.5360107,23439400,Buy
11/23/15,323.04599,27478900,Buy
11/24/15,320.04599,29362600,Buy
11/25/15,328.2059937,41666900,Buy
11/26/15,352.6839905,106105000,Buy
11/27/15,358.0419922,55179100,Buy
11/28/15,357.381012,36816600,Buy
11/29/15,371.2940063,40409300,Buy
11/30/15,377.3210144,71701600,Buy
12/1/15,362.4880066,60452200,Buy
12/2/15,359.1870117,54160500,Buy
12/3/15,361.04599,50714900,Buy
12/4/15,363.1830139,35784100,Buy
12/5/15,388.9490051,66282200,Buy
12/6/15,388.7829895,77762000,Buy
12/7/15,395.5360107,63455800,Buy
12/8/15,415.5629883,57801400,Buy
12/9/15,417.5629883,90917200,Buy
12/10/15,415.4790039,52138900,Buy
12/11/15,451.9379883,110944000,Buy
12/12/15,434.9970093,131969000,Buy
12/13/15,433.7550049,55050600,Buy
12/14/15,444.1820068,130496000,Sell
12/15/15,465.3210144,83121104,Sell
12/16/15,454.9339905,107944000,Sell
12/17/15,456.0780029,47978400,Sell
12/18/15,463.6159973,60220100,Sell
12/19/15,462.321991,47892700,Sell
12/20/15,442.6849976,75409400,Buy
12/21/15,438.6390076,77639696,Buy
12/22/15,436.571991,50840400,Buy
12/23/15,442.401001,47161400,Buy
12/24/15,454.9849854,57157200,Buy
12/25/15,455.6530151,39078500,Buy
12/26/15,417.2739868,116166000,Buy
12/27/15,422.822998,53591200,Buy
12/28/15,422.2789917,49638600,Buy
12/29/15,432.9830017,51596500,Buy
12/30/15,426.6199951,46889400,Buy
12/31/15,430.5669861,45996600,Buy
1/1/16,434.3340149,36278900,Buy
1/2/16,433.4379883,30096600,Buy
1/3/16,430.0109863,39633800,Buy
1/4/16,433.0910034,38477500,Buy
1/5/16,431.9599915,34522600,Buy
1/6/16,429.105011,34042500,Buy
1/7/16,458.0480042,87562200,Sell
1/8/16,453.230011,56993000,Sell
1/9/16,447.6109924,32278000,Buy
1/10/16,447.9909973,35995900,Buy
1/11/16,448.428009,40450000,Buy
1/12/16,435.6900024,115607000,Buy
1/13/16,432.3710022,173888000,Buy
1/14/16,430.3059998,43945500,Buy
1/15/16,364.3309937,153351008,Buy
1/16/16,387.5360107,120352000,Buy
1/17/16,382.2990112,45319600,Buy
1/18/16,387.1679993,54403900,Buy
1/19/16,380.1489868,46819800,Buy
1/20/16,420.230011,121720000,Buy
1/21/16,410.2619934,68338000,Buy
1/22/16,382.4920044,91546600,Buy
1/23/16,387.4909973,56247400,Buy
1/24/16,402.9710083,54824800,Buy
1/25/16,391.7260132,59062400,Buy
1/26/16,392.1530151,58147000,Buy
1/27/16,394.9719849,47424400,Buy
1/28/16,380.2890015,59247900,Buy
1/29/16,379.473999,86125296,Buy
1/30/16,378.2550049,30284400,Buy
1/31/16,368.7669983,37894300,Buy
2/1/16,373.0559998,51656700,Buy
2/2/16,374.447998,40378700,Buy
2/3/16,369.9490051,45933400,Buy
2/4/16,389.5939941,69285504,Buy
2/5/16,386.5490112,43825000,Buy
2/6/16,376.5220032,49249300,Buy
2/7/16,376.6199951,37076300,Buy
2/8/16,373.446991,47671100,Buy
2/9/16,376.0289917,55318500,Buy
2/10/16,381.6489868,85130896,Buy
2/11/16,379.6539917,74375600,Buy
2/12/16,384.2630005,67042800,Buy
2/13/16,391.8599854,61911700,Buy
2/14/16,407.230011,74469800,Buy
2/15/16,400.1849976,74070496,Buy
2/16/16,407.4880066,73093104,Buy
2/17/16,416.321991,83193600,Buy
2/18/16,422.3729858,76752600,Buy
2/19/16,420.7850037,55711300,Buy
2/20/16,437.1640015,93992096,Sell
2/21/16,438.7980042,89820704,Sell
2/22/16,437.7479858,85385200,Sell
2/23/16,420.7359924,85244896,Buy
2/24/16,424.9549866,67743696,Buy
2/25/16,424.5440063,70798000,Buy
2/26/16,432.1520081,61486000,Sell
2/27/16,432.5190125,41893600,Sell
2/28/16,433.5039978,53033400,Sell
2/29/16,437.696991,60694700,Sell
3/1/16,435.1229858,74895800,Sell
3/2/16,423.9890137,74955296,Buy
3/3/16,421.651001,100484000,Buy
3/4/16,410.9389954,90856096,Buy
3/5/16,400.5700073,135384992,Buy
3/6/16,407.7070007,91212496,Buy
3/7/16,414.3210144,85762400,Buy
3/8/16,413.9719849,70311696,Buy
3/9/16,414.8599854,70012304,Buy
3/10/16,417.131012,81022896,Buy
3/11/16,421.6900024,73969696,Buy
3/12/16,411.6239929,92712896,Buy
3/13/16,414.0650024,74322800,Buy
3/14/16,416.4379883,95259400,Buy
3/15/16,416.8299866,66781700,Buy
3/16/16,417.0109863,65185800,Buy
3/17/16,420.6210022,83528600,Buy
3/18/16,409.5480042,104940000,Buy
3/19/16,410.4440002,58423000,Buy
3/20/16,413.7550049,45947900,Buy
3/21/16,413.3070068,61655400,Buy
3/22/16,418.0889893,66813300,Buy
3/23/16,418.0409851,61444200,Buy
3/24/16,416.3940125,68346704,Buy
3/25/16,417.177002,52560000,Buy
3/26/16,417.9450073,44650400,Buy
3/27/16,426.7650146,71229400,Buy
3/28/16,424.2309875,68522800,Buy
3/29/16,416.5159912,75411504,Buy
3/30/16,414.8160095,66034100,Buy
3/31/16,416.7290039,60215200,Buy
4/1/16,417.9599915,51235700,Buy
4/2/16,420.8729858,45681200,Buy
4/3/16,420.9039917,38053700,Buy
4/4/16,421.4440002,50634300,Buy
4/5/16,424.0299988,60718000,Buy
4/6/16,423.4129944,59091000,Buy
4/7/16,422.7449951,57858600,Buy
4/8/16,420.348999,63454700,Buy
4/9/16,419.4110107,49792700,Buy
4/10/16,421.5639954,73478600,Buy
4/11/16,422.4830017,50747500,Buy
4/12/16,425.1900024,70728800,Buy
4/13/16,423.7340088,69060400,Buy
4/14/16,424.2820129,45281000,Buy
4/15/16,429.7130127,54801500,Buy
4/16/16,430.571991,39392800,Buy
4/17/16,427.3989868,52125900,Buy
4/18/16,428.5910034,55670900,Buy
4/19/16,435.5090027,52810500,Buy
4/20/16,441.3890076,72890096,Buy
4/21/16,449.4249878,68204704,Buy
4/22/16,445.7369995,58804400,Buy
4/23/16,450.2820129,50485400,Buy
4/24/16,458.5549927,68198400,Buy
4/25/16,461.4259949,87091800,Buy
4/26/16,466.0889893,78971904,Buy
4/27/16,444.6870117,93564896,Buy
4/28/16,449.0109863,74064704,Buy
4/29/16,455.0969849,49258500,Buy
4/30/16,448.3179932,69322600,Buy
5/1/16,451.875,40660100,Buy
5/2/16,444.6690063,92127000,Buy
5/3/16,450.3039856,59366400,Buy
5/4/16,446.7219849,50407300,Buy
5/5/16,447.9760132,50440800,Buy
5/6/16,459.6029968,72796800,Buy
5/7/16,458.5360107,38364500,Buy
5/8/16,458.5480042,40315000,Buy
5/9/16,460.4830017,55493100,Buy
5/10/16,450.894989,58956100,Buy
5/11/16,452.7279968,50605200,Buy
5/12/16,454.7659912,59849300,Buy
5/13/16,455.6700134,60845000,Buy
5/14/16,455.67099,37209000,Buy
5/15/16,457.5679932,28514000,Buy
5/16/16,454.1629944,59171500,Buy
5/17/16,453.7829895,64100300,Buy
5/18/16,454.618988,86850096,Buy
5/19/16,438.7149963,96027400,Buy
5/20/16,442.6759949,81987904,Buy
5/21/16,443.1879883,42762300,Buy
5/22/16,439.322998,39657600,Buy
5/23/16,444.1549988,50582500,Buy
5/24/16,445.9809875,65783100,Buy
5/25/16,449.598999,65231000,Buy
5/26/16,453.3840027,65203800,Buy
5/27/16,473.4639893,164780992,Buy
5/28/16,530.039978,181199008,Buy
5/29/16,526.2329712,148736992,Buy
5/30/16,533.8640137,87958704,Buy
5/31/16,531.3859863,138450000,Buy
6/1/16,536.9199829,86061800,Buy
6/2/16,537.9719849,60378200,Buy
6/3/16,569.1939697,122020000,Buy
6/4/16,572.7269897,94925296,Buy
6/5/16,574.9769897,68874096,Buy
6/6/16,585.5369873,72138896,Buy
6/7/16,576.5969849,107770000,Buy
6/8/16,581.6450195,80265800,Buy
6/9/16,574.6300049,71301000,Buy
6/10/16,577.4699707,66991900,Buy
6/11/16,606.7269897,82357000,Buy
6/12/16,672.7839966,277084992,Buy
6/13/16,704.3759766,243295008,Buy
6/14/16,685.559021,186694000,Buy
6/15/16,694.4689941,99223800,Buy
6/16/16,766.3079834,271633984,Sell
6/17/16,748.9089966,363320992,Sell
6/18/16,756.2269897,252718000,Sell
6/19/16,763.7810059,136184992,Sell
6/20/16,737.2260132,174511008,Buy
6/21/16,666.6519775,309944000,Buy
6/22/16,596.1160278,266392992,Buy
6/23/16,623.9769897,253462000,Buy
6/24/16,665.2990112,224316992,Buy
6/25/16,665.1229858,126656000,Buy
6/26/16,629.3670044,109225000,Buy
6/27/16,655.2750244,122134000,Buy
6/28/16,647.0009766,138384992,Buy
6/29/16,639.8900146,142456000,Buy
6/30/16,673.3369751,138980000,Buy
7/1/16,676.2960205,134431008,Buy
7/2/16,703.7020264,112354000,Buy
7/3/16,658.6640015,129512000,Buy
7/4/16,683.6619873,92008400,Buy
7/5/16,670.6270142,130476000,Buy
7/6/16,677.3309937,134960992,Buy
7/7/16,640.5620117,258091008,Buy
7/8/16,666.5230103,141970000,Buy
7/9/16,650.960022,180536000,Buy
7/10/16,649.3599854,102532000,Buy
7/11/16,647.6589966,107910000,Buy
7/12/16,664.5510254,138172992,Buy
7/13/16,654.4680176,131449000,Buy
7/14/16,658.0780029,98511400,Buy
7/15/16,663.2550049,81673104,Buy
7/16/16,660.7670288,50330200,Buy
7/17/16,679.4589844,74407904,Buy
7/18/16,673.1060181,69465000,Buy
7/19/16,672.8640137,61203300,Buy
7/20/16,665.6849976,94636400,Buy
7/21/16,665.0120239,60491800,Buy
7/22/16,650.6190186,134169000,Buy
7/23/16,655.5560303,69532200,Buy
7/24/16,661.2849731,118184000,Buy
7/25/16,654.0969849,78176496,Buy
7/26/16,651.7839966,225135008,Buy
7/27/16,654.3519897,147460992,Buy
7/28/16,655.0349731,86428400,Buy
7/29/16,656.9920044,60703500,Buy
7/30/16,655.0469971,38456100,Buy
7/31/16,624.6810303,110818000,Buy
8/1/16,606.2719727,121887000,Buy
8/2/16,547.4650269,330932992,Buy
8/3/16,566.3549805,207982000,Buy
8/4/16,578.2890015,125292000,Buy
8/5/16,575.0430298,66127900,Buy
8/6/16,587.7780151,80797296,Buy
8/7/16,592.6900024,82398400,Buy
8/8/16,591.0540161,61194100,Buy
8/9/16,587.8010254,92228096,Buy
8/10/16,592.1030273,102905000,Buy
8/11/16,589.1199951,74514400,Buy
8/12/16,587.559021,69218000,Buy
8/13/16,585.5880127,43563000,Buy
8/14/16,570.4730225,60851100,Buy
8/15/16,567.2399902,57262300,Buy
8/16/16,577.4390259,58405200,Buy
8/17/16,573.2160034,54443000,Buy
8/18/16,574.3179932,59896600,Buy
8/19/16,575.6300049,50631600,Buy
8/20/16,581.6970215,45301400,Buy
8/21/16,581.3079834,38299400,Buy
8/22/16,586.7529907,72844000,Buy
8/23/16,583.414978,85349200,Buy
8/24/16,580.1820068,56328200,Buy
8/25/16,577.7609863,136130000,Buy
8/26/16,579.651001,48856800,Buy
8/27/16,569.9470215,59698300,Buy
8/28/16,573.9119873,86301600,Buy
8/29/16,574.1069946,110398000,Buy
8/30/16,577.5029907,70342400,Buy
8/31/16,575.4719849,75840896,Buy
9/1/16,572.3029785,76923400,Buy
9/2/16,575.5369873,79910800,Buy
9/3/16,598.2119751,159014000,Buy
9/4/16,608.6339722,97942896,Buy
9/5/16,606.5900269,82446800,Buy
9/6/16,610.4359741,78529104,Buy
9/7/16,614.5440063,75032400,Buy
9/8/16,626.315979,86713000,Buy
9/9/16,622.8610229,64550200,Buy
9/10/16,623.5089722,45016800,Buy
9/11/16,606.7189941,73610800,Buy
9/12/16,608.242981,72812304,Buy
9/13/16,609.2410278,86920600,Buy
9/14/16,610.684021,47877700,Buy
9/15/16,607.1550293,59464600,Buy
9/16/16,606.9730225,64963400,Buy
9/17/16,605.9840088,37140300,Buy
9/18/16,609.8740234,48679400,Buy
9/19/16,609.2269897,54796400,Buy
9/20/16,608.3120117,72710896,Buy
9/21/16,597.1489868,82776200,Buy
9/22/16,596.2979736,67085300,Buy
9/23/16,602.84198,51067000,Buy
9/24/16,602.625,35359500,Buy
9/25/16,600.8259888,33977800,Buy
9/26/16,608.0430298,59153800,Buy
9/27/16,606.1660156,49422400,Buy
9/28/16,604.7280273,48722600,Buy
9/29/16,605.6929932,55658600,Buy
9/30/16,609.7349854,56122400,Buy
10/1/16,613.9829712,56357000,Buy
10/2/16,610.8920288,39249800,Buy
10/3/16,612.1329956,46798300,Buy
10/4/16,610.2039795,49801600,Buy
10/5/16,612.5109863,68077504,Buy
10/6/16,613.0209961,56812100,Buy
10/7/16,617.1209717,64071400,Buy
10/8/16,619.1079712,42345900,Buy
10/9/16,616.7520142,39243400,Buy
10/10/16,618.9940186,67481104,Buy
10/11/16,641.0720215,103590000,Buy
10/12/16,636.1920166,92370200,Buy
10/13/16,636.7860107,61620700,Buy
10/14/16,640.3779907,58144600,Buy
10/15/16,638.6459961,39035400,Buy
10/16/16,641.6309814,40298100,Buy
10/17/16,639.1929932,58063600,Buy
10/18/16,637.960022,65546700,Buy
10/19/16,630.5200195,69381696,Buy
10/20/16,630.8569946,56957300,Buy
10/21/16,632.8280029,55951000,Buy
10/22/16,657.2940063,78556496,Buy
10/23/16,657.0709839,54474600,Buy
10/24/16,653.7609863,62218200,Buy
10/25/16,657.5880127,90378800,Buy
10/26/16,678.3040161,88877104,Buy
10/27/16,688.3129883,96105296,Buy
10/28/16,689.651001,81145504,Buy
10/29/16,714.4790039,134760992,Buy
10/30/16,701.8640137,100665000,Buy
10/31/16,700.9719849,97064400,Buy
11/1/16,729.7930298,130527000,Buy
11/2/16,740.8289795,84865200,Buy
11/3/16,688.7000122,172808000,Buy
11/4/16,703.2349854,99907696,Buy
11/5/16,703.4180298,53752300,Buy
11/6/16,711.5219727,59902200,Buy
11/7/16,703.1309814,65047100,Buy
11/8/16,709.8480225,79660800,Buy
11/9/16,723.2730103,132429000,Buy
11/10/16,715.5339966,68807800,Buy
11/11/16,716.4110107,63119700,Buy
11/12/16,705.0540161,64622500,Buy
11/13/16,702.0310059,80318096,Buy
11/14/16,705.0209961,62993000,Buy
11/15/16,711.6190186,72038496,Buy
11/16/16,744.197998,141294000,Buy
11/17/16,740.9769897,108579000,Buy
11/18/16,751.585022,87363104,Buy
11/19/16,751.6160278,110608000,Buy
11/20/16,731.026001,154116000,Buy
11/21/16,739.2479858,60802400,Buy
11/22/16,751.3469849,129906000,Buy
11/23/16,744.5939941,76543800,Buy
11/24/16,740.2890015,85919296,Buy
11/25/16,741.6489868,67807600,Buy
11/26/16,735.382019,54962700,Buy
11/27/16,732.0349731,52601800,Buy
11/28/16,735.8129883,61888600,Buy
11/29/16,735.6040039,68511104,Buy
11/30/16,745.690979,84070800,Buy
12/1/16,756.7739868,80461904,Buy
12/2/16,777.9439697,127605000,Buy
12/3/16,771.1550293,69547296,Buy
12/4/16,773.8720093,60557900,Buy
12/5/16,758.7000122,106363000,Buy
12/6/16,764.223999,116218000,Buy
12/7/16,768.132019,96426096,Buy
12/8/16,770.8099976,80111904,Buy
12/9/16,772.7940063,68705296,Buy
12/10/16,774.6500244,53843100,Buy
12/11/16,769.7310181,57313400,Buy
12/12/16,780.0869751,76571000,Buy
12/13/16,780.5560303,81645600,Buy
12/14/16,781.4810181,75979000,Buy
12/15/16,778.0880127,81580096,Buy
12/16/16,784.9069824,83608200,Buy
12/17/16,790.8289795,78989800,Buy
12/18/16,790.5300293,60524400,Buy
12/19/16,792.7139893,74886400,Buy
12/20/16,800.8759766,99629296,Buy
12/21/16,834.2810059,155576000,Buy
12/22/16,864.539978,200027008,Buy
12/23/16,921.9840088,275564000,Buy
12/24/16,898.8220215,137727008,Buy
12/25/16,896.1829834,143664992,Buy
12/26/16,907.6099854,123771000,Buy
12/27/16,933.197998,167308000,Buy
12/28/16,975.9210205,236630000,Buy
12/29/16,973.4970093,199320000,Buy
12/30/16,961.2379761,187474000,Buy
12/31/16,963.742981,99135104,Buy
1/1/17,998.3250122,147775008,Buy
1/2/17,1021.75,222184992,Buy
1/3/17,1043.839966,185168000,Sell
1/4/17,1154.72998,344945984,Sell
1/5/17,1013.380005,510199008,Sell
1/6/17,902.2009888,351876000,Buy
1/7/17,908.585022,279550016,Buy
1/8/17,911.1989746,158715008,Buy
1/9/17,902.8280029,141876992,Buy
1/10/17,907.6790161,115808000,Buy
1/11/17,777.757019,310928992,Buy
1/12/17,804.8339844,222326000,Buy
1/13/17,823.9840088,168968000,Buy
1/14/17,818.4119873,93063296,Buy
1/15/17,821.7979736,71013600,Buy
1/16/17,831.5339966,82755200,Buy
1/17/17,907.9379883,155095008,Buy
1/18/17,886.617981,225676992,Buy
1/19/17,899.072998,105625000,Buy
1/20/17,895.026001,86728400,Buy
1/21/17,921.7890015,111158000,Buy
1/22/17,924.6729736,116573000,Buy
1/23/17,921.0120239,73588600,Buy
1/24/17,892.6870117,111349000,Buy
1/25/17,901.5419922,120831000,Buy
1/26/17,917.5859985,131958000,Buy
1/27/17,919.75,125594000,Buy
1/28/17,921.5900269,68979600,Buy
1/29/17,919.4959717,60851700,Buy
1/30/17,920.382019,78227296,Buy
1/31/17,970.4030151,164582000,Buy
2/1/17,989.0230103,150110000,Buy
2/2/17,1011.799988,145820992,Buy
2/3/17,1029.910034,201278000,Buy
2/4/17,1042.900024,155064000,Buy
2/5/17,1027.339966,114208000,Buy
2/6/17,1038.150024,111762000,Buy
2/7/17,1061.349976,146007008,Buy
2/8/17,1063.069946,201855008,Buy
2/9/17,994.3829956,407220000,Buy
2/10/17,988.6740112,190452000,Buy
2/11/17,1004.450012,102261000,Buy
2/12/17,999.1810303,67530000,Buy
2/13/17,990.6420288,100607000,Buy
2/14/17,1004.549988,137946000,Buy
2/15/17,1007.47998,89759400,Buy
2/16/17,1027.439941,122277000,Buy
2/17/17,1046.209961,136474000,Buy
2/18/17,1054.420044,99073504,Buy
2/19/17,1047.869995,77423296,Buy
2/20/17,1079.97998,109478000,Buy
2/21/17,1115.300049,186868992,Buy
2/22/17,1117.439941,136100000,Buy
2/23/17,1166.719971,189454000,Buy
2/24/17,1173.680054,330759008,Buy
2/25/17,1143.839966,139960992,Buy
2/26/17,1165.199951,116486000,Buy
2/27/17,1179.969971,131570000,Buy
2/28/17,1179.969971,184956000,Buy
3/1/17,1222.5,229056992,Sell
3/2/17,1251.01001,368275008,Sell
3/3/17,1274.98999,315739008,Sell
3/4/17,1255.150024,183270000,Sell
3/5/17,1267.119995,134127000,Sell
3/6/17,1272.829956,153656992,Sell
3/7/17,1223.540039,291256000,Sell
3/8/17,1150,332603008,Buy
3/9/17,1188.48999,212283008,Buy
3/10/17,1116.719971,563795968,Buy
3/11/17,1175.829956,283320000,Buy
3/12/17,1221.380005,227176000,Sell
3/13/17,1231.920044,380276992,Sell
3/14/17,1240,245306000,Sell
3/15/17,1249.609985,297804992,Sell
3/16/17,1187.810059,638568000,Buy
3/17/17,1100.22998,706598976,Buy
3/18/17,973.8179932,621302016,Buy
3/19/17,1036.73999,406648000,Buy
3/20/17,1054.22998,286529984,Buy
3/21/17,1120.540039,337391008,Buy
3/22/17,1049.140015,380840992,Buy
3/23/17,1038.589966,248540000,Buy
3/24/17,937.5200195,491038016,Buy
3/25/17,972.7789917,435803008,Buy
3/26/17,966.7249756,303668000,Buy
3/27/17,1045.77002,372535008,Buy
3/28/17,1047.150024,326332000,Buy
3/29/17,1039.969971,298457984,Buy
3/30/17,1026.430054,352968992,Buy
3/31/17,1071.790039,447287008,Buy
4/1/17,1080.5,289633984,Buy
4/2/17,1102.170044,514187008,Buy
4/3/17,1143.810059,580444032,Buy
4/4/17,1133.25,436310016,Buy
4/5/17,1124.780029,414784000,Buy
4/6/17,1182.680054,511222016,Buy
4/7/17,1176.900024,317022016,Buy
4/8/17,1175.949951,209312000,Buy
4/9/17,1187.869995,242343008,Buy
4/10/17,1187.130005,215883008,Buy
4/11/17,1205.01001,216182000,Buy
4/12/17,1200.369995,288702016,Buy
4/13/17,1169.280029,351968992,Buy
4/14/17,1167.540039,254827008,Buy
4/15/17,1172.52002,203559008,Buy
4/16/17,1182.939941,183231008,Buy
4/17/17,1193.910034,253206000,Buy
4/18/17,1211.670044,270524000,Buy
4/19/17,1210.290039,288060992,Buy
4/20/17,1229.079956,315108000,Buy
4/21/17,1222.050049,272167008,Buy
4/22/17,1231.709961,249320000,Buy
4/23/17,1207.209961,258951008,Buy
4/24/17,1250.150024,235806000,Buy
4/25/17,1265.48999,242556000,Buy
4/26/17,1281.079956,329631008,Buy
4/27/17,1317.72998,449196992,Buy
4/28/17,1316.47998,527488992,Buy
4/29/17,1321.790039,422705984,Buy
4/30/17,1347.890015,413115008,Buy
5/1/17,1421.599976,713624000,Buy
5/2/17,1452.819946,477337984,Buy
5/3/17,1490.089966,583795968,Buy
5/4/17,1537.670044,933548992,Buy
5/5/17,1555.449951,946035968,Buy
5/6/17,1578.800049,582529984,Buy
5/7/17,1596.709961,1080029952,Buy
5/8/17,1723.349976,1340320000,Buy
5/9/17,1755.359985,1167920000,Buy
5/10/17,1787.130005,915723008,Buy
5/11/17,1848.569946,799489984,Buy
5/12/17,1724.23999,740984000,Buy
5/13/17,1804.910034,579635008,Buy
5/14/17,1808.910034,437196000,Buy
5/15/17,1738.430054,731529024,Buy
5/16/17,1734.449951,959044992,Buy
5/17/17,1839.089966,1064729984,Buy
5/18/17,1888.650024,894321024,Buy
5/19/17,1987.709961,1157289984,Buy
5/20/17,2084.72998,961336000,Buy
5/21/17,2041.199951,1147859968,Buy
5/22/17,2173.399902,1942220032,Buy
5/23/17,2320.419922,1378749952,Buy
5/24/17,2443.639893,1725379968,Buy
5/25/17,2304.97998,2406700032,Buy
5/26/17,2202.419922,1763480064,Buy
5/27/17,2038.869995,1700480000,Buy
5/28/17,2155.800049,1147139968,Buy
5/29/17,2255.610107,994625024,Buy
5/30/17,2175.469971,1443970048,Buy
5/31/17,2286.409912,1544829952,Buy
6/1/17,2407.879883,1653180032,Buy
6/2/17,2488.550049,1317030016,Buy
6/3/17,2515.350098,1514950016,Buy
6/4/17,2511.810059,1355120000,Buy
6/5/17,2686.810059,1369309952,Buy
6/6/17,2863.199951,2089609984,Buy
6/7/17,2732.159912,1517709952,Buy
6/8/17,2805.620117,1281170048,Buy
6/9/17,2823.810059,1348950016,Buy
6/10/17,2947.709961,2018889984,Buy
6/11/17,2958.110107,1752400000,Buy
6/12/17,2659.629883,2569530112,Buy
6/13/17,2717.02002,1781200000,Buy
6/14/17,2506.370117,1696560000,Buy
6/15/17,2464.580078,2026259968,Buy
6/16/17,2518.560059,1195190016,Buy
6/17/17,2655.879883,1534509952,Buy
6/18/17,2548.290039,1178659968,Buy
6/19/17,2589.600098,1446840064,Buy
6/20/17,2721.790039,1854189952,Buy
6/21/17,2689.100098,1626579968,Buy
6/22/17,2705.409912,1097939968,Buy
6/23/17,2744.909912,961318976,Buy
6/24/17,2608.719971,982750016,Buy
6/25/17,2589.409912,1161100032,Buy
6/26/17,2478.449951,1663280000,Buy
6/27/17,2552.449951,1489789952,Buy
6/28/17,2574.790039,1183869952,Buy
6/29/17,2539.320068,949979008,Buy
6/30/17,2480.840088,860273024,Buy
7/1/17,2434.550049,779913984,Buy
7/2/17,2506.469971,803747008,Buy
7/3/17,2564.060059,964112000,Buy
7/4/17,2601.639893,985516032,Buy
7/5/17,2601.98999,941566016,Buy
7/6/17,2608.560059,761956992,Buy
7/7/17,2518.659912,917411968,Buy
7/8/17,2571.340088,733329984,Buy
7/9/17,2518.439941,527856000,Buy
7/10/17,2372.560059,1111200000,Buy
7/11/17,2337.790039,1329760000,Buy
7/12/17,2398.840088,1117410048,Buy
7/13/17,2357.899902,835769984,Buy
7/14/17,2233.340088,882502976,Buy
7/15/17,1998.859985,993608000,Buy
7/16/17,1929.819946,1182870016,Buy
7/17/17,2228.409912,1201760000,Buy
7/18/17,2318.879883,1512450048,Buy
7/19/17,2273.429932,1245100032,Buy
7/20/17,2817.600098,2249260032,Buy
7/21/17,2667.76001,1489449984,Buy
7/22/17,2810.120117,1177129984,Buy
7/23/17,2730.399902,1072840000,Buy
7/24/17,2754.860107,866473984,Buy
7/25/17,2576.47998,1460089984,Buy
7/26/17,2529.449951,937404032,Buy
7/27/17,2671.780029,789104000,Buy
7/28/17,2809.01001,1380099968,Buy
7/29/17,2726.449951,803745984,Buy
7/30/17,2757.179932,705942976,Buy
7/31/17,2875.340088,860574976,Buy
8/1/17,2718.26001,1324669952,Buy
8/2/17,2710.669922,1094950016,Buy
8/3/17,2804.72998,804796992,Buy
8/4/17,2895.889893,1002120000,Buy
8/5/17,3252.909912,1945699968,Buy
8/6/17,3213.939941,1105030016,Buy
8/7/17,3378.939941,1482279936,Buy
8/8/17,3419.939941,1752760064,Buy
8/9/17,3342.469971,1468960000,Buy
8/10/17,3381.280029,1515110016,Buy
8/11/17,3650.620117,2021190016,Buy
8/12/17,3884.709961,2219589888,Buy
8/13/17,4073.26001,3159089920,Buy
8/14/17,4325.129883,2463089920,Buy
8/15/17,4181.930176,3258050048,Buy
8/16/17,4376.629883,2272039936,Buy
8/17/17,4331.689941,2553359872,Buy
8/18/17,4160.620117,2941710080,Buy
8/19/17,4193.700195,2975820032,Buy
8/20/17,4087.659912,2109769984,Buy
8/21/17,4001.73999,2800890112,Buy
8/22/17,4100.52002,3764239872,Buy
8/23/17,4151.52002,2369819904,Buy
8/24/17,4334.680176,2037750016,Buy
8/25/17,4371.600098,1727970048,Buy
8/26/17,4352.399902,1511609984,Buy
8/27/17,4382.879883,1537459968,Buy
8/28/17,4382.660156,1959330048,Buy
8/29/17,4579.02002,2486080000,Buy
8/30/17,4565.299805,1937849984,Buy
8/31/17,4703.390137,1944930048,Buy
9/1/17,4892.009766,2599079936,Buy
9/2/17,4578.77002,2722139904,Buy
9/3/17,4582.959961,1933190016,Buy
9/4/17,4236.310059,2987330048,Buy
9/5/17,4376.529785,2697969920,Buy
9/6/17,4597.120117,2172100096,Buy
9/7/17,4599.879883,1844620032,Buy
9/8/17,4228.75,2700890112,Buy
9/9/17,4226.060059,1386230016,Buy
9/10/17,4122.939941,1679090048,Buy
9/11/17,4161.27002,1557330048,Buy
9/12/17,4130.810059,1864530048,Buy
9/13/17,3882.590088,2219409920,Buy
9/14/17,3154.949951,2716310016,Buy
9/15/17,3637.52002,4148069888,Buy
9/16/17,3625.040039,1818400000,Buy
9/17/17,3582.879883,1239149952,Buy
9/18/17,4065.199951,1943209984,Buy
9/19/17,3924.969971,1563980032,Buy
9/20/17,3905.949951,1213830016,Buy
9/21/17,3631.040039,1411480064,Buy
9/22/17,3630.699951,1194829952,Buy
9/23/17,3792.399902,928113984,Buy
9/24/17,3682.840088,768014976,Buy
9/25/17,3926.070068,1374210048,Buy
9/26/17,3892.350098,1043740032,Buy
9/27/17,4200.669922,1686880000,Buy
9/28/17,4174.72998,1712320000,Buy
9/29/17,4163.069824,1367049984,Buy
9/30/17,4338.709961,1207449984,Buy
10/1/17,4403.740234,1208210048,Buy
10/2/17,4409.319824,1431730048,Buy
10/3/17,4317.47998,1288019968,Buy
10/4/17,4229.359863,1116770048,Buy
10/5/17,4328.410156,1161769984,Buy
10/6/17,4370.810059,1069939968,Buy
10/7/17,4426.890137,906928000,Buy
10/8/17,4610.47998,1313869952,Buy
10/9/17,4772.02002,1968739968,Buy
10/10/17,4781.990234,1597139968,Buy
10/11/17,4826.47998,1222279936,Buy
10/12/17,5446.910156,2791610112,Buy
10/13/17,5647.209961,3615480064,Buy
10/14/17,5831.790039,1669030016,Buy
10/15/17,5678.189941,1976039936,Buy
10/16/17,5725.589844,2008070016,Buy
10/17/17,5605.509766,1821570048,Buy
10/18/17,5590.689941,2399269888,Buy
10/19/17,5708.52002,1780540032,Buy
10/20/17,6011.450195,2354429952,Buy
10/21/17,6031.600098,2207099904,Buy
10/22/17,6008.419922,2034630016,Buy
10/23/17,5930.319824,2401840128,Buy
10/24/17,5526.640137,2735699968,Buy
10/25/17,5750.799805,1966989952,Buy
10/26/17,5904.830078,1905040000,Buy
10/27/17,5780.899902,1710130048,Buy
10/28/17,5753.089844,1403920000,Buy
10/29/17,6153.850098,2859040000,Buy
10/30/17,6130.529785,1772150016,Buy
10/31/17,6468.399902,2311379968,Buy
11/1/17,6767.310059,2870320128,Buy
11/2/17,7078.5,4653770240,Buy
11/3/17,7207.759766,3369860096,Buy
11/4/17,7379.950195,2483800064,Buy
11/5/17,7407.410156,2380410112,Buy
11/6/17,7022.759766,3111899904,Buy
11/7/17,7144.379883,2326340096,Buy
11/8/17,7459.689941,4602200064,Buy
11/9/17,7143.580078,3226249984,Buy
11/10/17,6618.140137,5208249856,Buy
11/11/17,6357.600098,4908680192,Buy
11/12/17,5950.069824,8957349888,Buy
11/13/17,6559.490234,6263249920,Buy
11/14/17,6635.75,3197110016,Buy
11/15/17,7315.540039,4200880128,Buy
11/16/17,7871.689941,5123809792,Buy
11/17/17,7708.990234,4651670016,Buy
11/18/17,7790.149902,3667190016,Buy
11/19/17,8036.490234,3149319936,Buy
11/20/17,8200.639648,3488450048,Buy
11/21/17,8071.259766,4277609984,Buy
11/22/17,8253.549805,3633530112,Buy
11/23/17,8038.77002,4225179904,Buy
11/24/17,8253.69043,5058610176,Buy
11/25/17,8790.919922,4342060032,Buy
11/26/17,9330.549805,5475579904,Buy
11/27/17,9818.349609,5653320192,Buy
11/28/17,10058.7998,6348819968,Buy
11/29/17,9888.610352,11568799744,Buy
11/30/17,10233.59961,8310689792,Buy
12/1/17,10975.59961,6783119872,Buy
12/2/17,11074.59961,5138500096,Buy
12/3/17,11323.2002,6608309760,Buy
12/4/17,11657.2002,6132409856,Buy
12/5/17,11916.7002,6895260160,Buy
12/6/17,14291.5,12656300032,Buy
12/7/17,17899.69922,17950699520,Sell
12/8/17,16569.40039,21135998976,Buy
12/9/17,15178.2002,13911300096,Buy
12/10/17,15455.40039,13433299968,Buy
12/11/17,16936.80078,12153900032,Buy
12/12/17,17415.40039,14603799552,Buy
12/13/17,16408.19922,12976900096,Buy
12/14/17,16564,13777399808,Buy
12/15/17,17706.90039,14309999616,Sell
12/16/17,19497.40039,12740599808,Sell
12/17/17,19140.80078,13314599936,Sell
12/18/17,19114.19922,14839499776,Sell
12/19/17,17776.69922,16894499840,Sell
12/20/17,16624.59961,22149699584,Buy
12/21/17,15802.90039,16516599808,Buy
12/22/17,13831.7998,22197999616,Buy
12/23/17,14699.2002,13086000128,Buy
12/24/17,13925.7998,11572299776,Buy
12/25/17,14026.59961,10664699904,Buy
12/26/17,16099.7998,13454300160,Buy
12/27/17,15838.5,12487600128,Buy
12/28/17,14606.5,12336499712,Buy
12/29/17,14656.2002,13025500160,Buy
12/30/17,12952.2002,14452599808,Buy
12/31/17,14156.40039,12136299520,Buy
1/1/18,13657.2002,10291200000,Buy
1/2/18,14982.09961,16846600192,Buy
1/3/18,15201,16871900160,Buy
1/4/18,15599.2002,21783199744,Buy
1/5/18,17429.5,23840899072,Sell
1/6/18,17527,18314600448,Sell
1/7/18,16477.59961,15866000384,Sell
1/8/18,15170.09961,18413899776,Buy
1/9/18,14595.40039,16659999744,Buy
1/10/18,14973.2998,18500800512,Buy
1/11/18,13405.7998,16534099968,Buy
1/12/18,13980.59961,12065699840,Buy
1/13/18,14360.2002,12763599872,Buy
1/14/18,13772,11084099584,Buy
1/15/18,13819.7998,12750799872,Buy
1/16/18,11490.5,18853799936,Buy
1/17/18,11188.59961,18830600192,Buy
1/18/18,11474.90039,15020399616,Buy
1/19/18,11607.40039,10740400128,Buy
1/20/18,12899.2002,11801700352,Buy
1/21/18,11600.09961,9935179776,Buy
1/22/18,10931.40039,10537400320,Buy
1/23/18,10868.40039,9660609536,Buy
1/24/18,11359.40039,9940989952,Buy
1/25/18,11259.40039,8873169920,Buy
1/26/18,11171.40039,9746199552,Buy
1/27/18,11440.7002,7583269888,Buy
1/28/18,11786.2998,8350360064,Buy
1/29/18,11296.40039,7107359744,Buy
1/30/18,10106.2998,8637859840,Buy
1/31/18,10221.09961,8041160192,Buy
2/1/18,9170.540039,9959400448,Buy
2/2/18,8830.75,12726899712,Buy
2/3/18,9174.910156,7263790080,Buy
2/4/18,8277.009766,7073549824,Buy
2/5/18,6955.27002,9285289984,Buy
2/6/18,7754,13999800320,Buy
2/7/18,7621.299805,9169280000,Buy
2/8/18,8265.589844,9346750464,Buy
2/9/18,8736.980469,6784820224,Buy
2/10/18,8621.900391,7780960256,Buy
2/11/18,8129.970215,6122189824,Buy
2/12/18,8926.570313,6256439808,Buy
2/13/18,8598.30957,5696719872,Buy
2/14/18,9494.629883,7909819904,Buy
2/15/18,10166.40039,9062540288,Buy
2/16/18,10233.90039,7296159744,Buy
2/17/18,11112.7002,8660880384,Buy
2/18/18,10551.7998,8744009728,Buy
2/19/18,11225.2998,7652089856,Sell
2/20/18,11403.7002,9926540288,Buy
2/21/18,10690.40039,9405339648,Buy
2/22/18,10005,8040079872,Buy
2/23/18,10301.09961,7739500032,Buy
2/24/18,9813.070313,6917929984,Buy
2/25/18,9664.730469,5706939904,Buy
2/26/18,10366.7002,7287690240,Buy
2/27/18,10725.59961,6966179840,Buy
2/28/18,10397.90039,6936189952,Buy
3/1/18,10951,7317279744,Buy
3/2/18,11086.40039,7620590080,Buy
3/3/18,11489.7002,6690570240,Sell
3/4/18,11512.59961,6084149760,Sell
3/5/18,11573.2998,6468539904,Sell
3/6/18,10779.90039,6832169984,Buy
3/7/18,9965.570313,8797910016,Buy
3/8/18,9395.009766,7186089984,Buy
3/9/18,9337.549805,8704190464,Buy
3/10/18,8866,5386319872,Buy
3/11/18,9578.629883,6296370176,Buy
3/12/18,9205.120117,6457399808,Buy
3/13/18,9194.849609,5991139840,Buy
3/14/18,8269.80957,6438230016,Buy
3/15/18,8300.860352,6834429952,Buy
3/16/18,8338.349609,5289379840,Buy
3/17/18,7916.879883,4426149888,Buy
3/18/18,8223.679688,6639190016,Buy
3/19/18,8630.650391,6729110016,Buy
3/20/18,8913.469727,6361789952,Buy
3/21/18,8929.280273,6043129856,Buy
3/22/18,8728.469727,5530390016,Buy
3/23/18,8879.620117,5954120192,Buy
3/24/18,8668.120117,5664600064,Buy
3/25/18,8495.780273,4569880064,Buy
3/26/18,8209.400391,5921039872,Buy
3/27/18,7833.040039,5378250240,Buy
3/28/18,7954.47998,4935289856,Buy
3/29/18,7165.700195,6361229824,Buy
3/30/18,6890.52002,6289509888,Buy
3/31/18,6973.529785,4553269760,Buy
4/1/18,6844.22998,4532100096,Buy
4/2/18,7083.799805,4333440000,Buy
4/3/18,7456.109863,5499700224,Buy
4/4/18,6853.839844,4936000000,Buy
4/5/18,6811.470215,5639320064,Buy
4/6/18,6636.319824,3766810112,Buy
4/7/18,6911.089844,3976610048,Buy
4/8/18,7023.52002,3652499968,Buy
4/9/18,6770.72998,4894060032,Buy
4/10/18,6834.759766,4272750080,Buy
4/11/18,6968.319824,4641889792,Buy
4/12/18,7889.25,8906250240,Buy
4/13/18,7895.959961,7764460032,Buy
4/14/18,7986.240234,5191430144,Buy
4/15/18,8329.110352,5244480000,Buy
4/16/18,8058.669922,5631309824,Buy
4/17/18,7902.089844,6900879872,Buy
4/18/18,8163.419922,6529909760,Buy
4/19/18,8294.30957,7063209984,Buy
4/20/18,8845.830078,8438110208,Buy
4/21/18,8895.580078,7548550144,Buy
4/22/18,8802.459961,6629899776,Buy
4/23/18,8930.879883,6925190144,Buy
4/24/18,9697.5,10678800384,Buy
4/25/18,8845.740234,11083100160,Buy
4/26/18,9281.509766,8970559488,Buy
4/27/18,8987.049805,7566289920,Buy
4/28/18,9348.480469,7805479936,Buy
4/29/18,9419.080078,8853000192,Buy
4/30/18,9240.549805,8673920000,Buy
5/1/18,9119.009766,7713019904,Buy
5/2/18,9235.919922,7558159872,Buy
5/3/18,9743.860352,10207299584,Sell
5/4/18,9700.759766,8217829888,Sell
5/5/18,9858.150391,7651939840,Sell
5/6/18,9654.799805,7222280192,Sell
5/7/18,9373.009766,7394019840,Buy
5/8/18,9234.820313,7415869952,Buy
5/9/18,9325.179688,7226890240,Buy
5/10/18,9043.94043,6906699776,Buy
5/11/18,8441.490234,8488520192,Buy
5/12/18,8504.889648,6821380096,Buy
5/13/18,8723.94043,5866379776,Buy
5/14/18,8716.790039,7364149760,Buy
5/15/18,8510.379883,6705710080,Buy
5/16/18,8368.830078,6760220160,Buy
5/17/18,8094.319824,5862530048,Buy
5/18/18,8250.969727,5764190208,Buy
5/19/18,8247.179688,4712399872,Buy
5/20/18,8513.25,5191059968,Buy
5/21/18,8418.990234,5154990080,Buy
5/22/18,8041.779785,5137010176,Buy
5/23/18,7557.819824,6491120128,Buy
5/24/18,7587.339844,6049220096,Buy
5/25/18,7480.140137,4867829760,Buy
5/26/18,7355.879883,4051539968,Buy
5/27/18,7368.220215,4056519936,Buy
5/28/18,7135.990234,5040600064,Buy
5/29/18,7472.589844,5662660096,Buy
5/30/18,7406.52002,4922540032,Buy
5/31/18,7494.169922,5127130112,Buy
6/1/18,7541.450195,4921460224,Buy
6/2/18,7643.450195,4939299840,Buy
6/3/18,7720.25,4851760128,Buy
6/4/18,7514.470215,4993169920,Buy
6/5/18,7633.759766,4961739776,Buy
6/6/18,7653.97998,4692259840,Buy
6/7/18,7678.240234,4485799936,Buy
6/8/18,7624.919922,4227579904,Buy
6/9/18,7531.97998,3845220096,Buy
6/10/18,6786.02002,5804839936,Buy
6/11/18,6906.919922,4745269760,Buy
6/12/18,6582.359863,4654380032,Buy
6/13/18,6349.899902,5052349952,Buy
6/14/18,6675.350098,5138710016,Buy
6/15/18,6456.580078,3955389952,Buy
6/16/18,6550.160156,3194170112,Buy
6/17/18,6499.27002,3104019968,Buy
6/18/18,6734.819824,4039200000,Buy
6/19/18,6769.939941,4057029888,Buy
6/20/18,6776.549805,3888640000,Buy
6/21/18,6729.740234,3529129984,Buy
6/22/18,6083.689941,5079810048,Buy
6/23/18,6162.47998,3431360000,Buy
6/24/18,6173.22998,4566909952,Buy
6/25/18,6249.180176,5500810240,Buy
6/26/18,6093.669922,3279759872,Buy
6/27/18,6157.129883,3296219904,Buy
6/28/18,5903.439941,3467800064,Buy
6/29/18,6218.299805,3966230016,Buy
6/30/18,6404,4543860224,Buy
7/1/18,6385.819824,4788259840,Buy
7/2/18,6614.180176,4396930048,Buy
7/3/18,6529.589844,4672309760,Buy
7/4/18,6597.549805,4176689920,Buy
7/5/18,6639.140137,4999240192,Buy
7/6/18,6673.5,4313959936,Buy
7/7/18,6856.930176,3961080064,Buy
7/8/18,6773.879883,3386210048,Buy
7/9/18,6741.75,3718129920,Buy
7/10/18,6329.950195,4052430080,Buy
7/11/18,6394.709961,3644859904,Buy
7/12/18,6228.810059,3770170112,Buy
7/13/18,6238.049805,3805400064,Buy
7/14/18,6276.120117,2923670016,Buy
7/15/18,6359.640137,3285459968,Buy
7/16/18,6741.75,4725799936,Buy
7/17/18,7321.040039,5961950208,Buy
7/18/18,7370.779785,6103410176,Buy
7/19/18,7466.859863,5111629824,Buy
7/20/18,7354.129883,4936869888,Buy
7/21/18,7419.290039,3726609920,Buy
7/22/18,7418.490234,3695460096,Buy
7/23/18,7711.109863,5132480000,Buy
7/24/18,8424.269531,7277689856,Sell
7/25/18,8181.390137,5845400064,Sell
7/26/18,7951.580078,4899089920,Sell
7/27/18,8165.009766,5195879936,Sell
7/28/18,8192.150391,3988750080,Sell
7/29/18,8218.459961,4107190016,Sell
7/30/18,8180.47998,5551400000,Sell
7/31/18,7780.439941,5287530000,Buy
8/1/18,7624.910156,4797620000,Buy
8/2/18,7567.149902,4214110000,Buy
8/3/18,7434.390137,4627150000,Buy
8/4/18,7032.850098,4268390000,Buy
8/5/18,7068.47998,3679110000,Buy
8/6/18,6951.799805,3925900000,Buy
8/7/18,6753.120117,4682800000,Buy
8/8/18,6305.799805,5064430000,Buy
8/9/18,6568.22998,4267040000,Buy
8/10/18,6184.709961,4528680000,Buy
8/11/18,6295.72998,4047850000,Buy
8/12/18,6322.689941,5665250000,Buy
8/13/18,6297.569824,4083980000,Buy
8/14/18,6199.709961,5301700000,Buy
8/15/18,6308.52002,4895450000,Buy
8/16/18,6334.72998,4328420000,Buy
8/17/18,6580.629883,4992990000,Buy
8/18/18,6423.759766,3984520000,Buy
8/19/18,6506.069824,3311170000,Buy
8/20/18,6308.529785,3665100000,Buy
8/21/18,6488.759766,3377180000,Buy
8/22/18,6376.709961,4668110000,Buy
8/23/18,6534.879883,3426180000,Buy
8/24/18,6719.959961,4097820000,Buy
8/25/18,6763.189941,3312600000,Buy
8/26/18,6707.259766,3295500000,Buy
8/27/18,6884.640137,4019000000,Buy
8/28/18,7096.279785,4659940000,Buy
8/29/18,7047.160156,4145880000,Buy
8/30/18,6978.22998,4463250000,Buy
8/31/18,7037.580078,4495650000,Buy
9/1/18,7193.25,4116050000,Sell
9/2/18,7272.720215,4329540000,Sell
9/3/18,7260.060059,4087760000,Sell
9/4/18,7361.660156,4273640000,Sell
9/5/18,6792.830078,5800460000,Buy
9/6/18,6529.169922,5523470000,Buy
9/7/18,6467.069824,4264680000,Buy
9/8/18,6225.97998,3835060000,Buy
9/9/18,6300.859863,3671890000,Buy
9/10/18,6329.700195,3714100000,Buy
9/11/18,6321.200195,3849910000,Buy
9/12/18,6351.799805,4064230000,Buy
9/13/18,6517.310059,4210910000,Buy
9/14/18,6512.709961,4076220000,Buy
9/15/18,6543.200195,3216300000,Buy
9/16/18,6517.180176,3273730000,Buy
9/17/18,6281.200195,3910780000,Buy
9/18/18,6371.299805,4180090000,Buy
9/19/18,6398.540039,4431340000,Buy
9/20/18,6519.669922,4348110000,Buy
9/21/18,6734.950195,6531940000,Buy
9/22/18,6721.97998,4509660000,Buy
9/23/18,6710.629883,4197500000,Buy
9/24/18,6595.410156,4177310000,Buy
9/25/18,6446.470215,4726180000,Buy
9/26/18,6495,4437300000,Buy
9/27/18,6676.75,4606810000,Buy
9/28/18,6644.129883,5014430000,Buy
9/29/18,6601.959961,4363690000,Buy
9/30/18,6625.560059,4002280000,Buy
10/1/18,6589.620117,4000970000,Buy
10/2/18,6556.100098,3979260000,Buy
10/3/18,6502.589844,3887310000,Buy
10/4/18,6576.689941,3838410000,Buy
10/5/18,6622.47998,3671500000,Buy
10/6/18,6588.310059,3259740000,Buy
10/7/18,6602.950195,3306630000,Buy
10/8/18,6652.22998,3979460000,Buy
10/9/18,6642.640137,3580810000,Buy
10/10/18,6585.529785,3787650000,Buy
10/11/18,6256.240234,5181640000,Buy
10/12/18,6274.580078,3783500000,Buy
10/13/18,6285.990234,3064030000,Buy
10/14/18,6290.930176,3085320000,Buy
10/15/18,6596.540039,7370770000,Buy
10/16/18,6596.109863,4074800000,Buy
10/17/18,6544.430176,4088420000,Buy
10/18/18,6476.709961,3924080000,Buy
10/19/18,6465.410156,3578870000,Buy
10/20/18,6489.189941,3379130000,Buy
10/21/18,6482.350098,3253610000,Buy
10/22/18,6487.160156,3672860000,Buy
10/23/18,6475.740234,3716150000,Buy
10/24/18,6495.839844,3424670000,Buy
10/25/18,6476.290039,3230550000,Buy
10/26/18,6474.75,3306050000,Buy
10/27/18,6480.379883,3393250000,Buy
10/28/18,6486.390137,3445190000,Buy
10/29/18,6332.629883,4199910000,Buy
10/30/18,6334.27002,3781100000,Buy
10/31/18,6317.609863,4191240000,Buy
11/1/18,6377.779785,3789400000,Buy
11/2/18,6388.439941,4234870000,Buy
11/3/18,6361.259766,3658640000,Buy
11/4/18,6376.129883,4390020000,Buy
11/5/18,6419.660156,4174800000,Buy
11/6/18,6461.009766,4700040000,Buy
11/7/18,6530.140137,4941260000,Buy
11/8/18,6453.720215,4665260000,Buy
11/9/18,6385.620117,4346820000,Buy
11/10/18,6409.220215,3705320000,Buy
11/11/18,6411.27002,3939060000,Buy
11/12/18,6371.27002,4295770000,Buy
11/13/18,6359.490234,4503800000,Buy
11/14/18,5738.350098,7398940000,Buy
11/15/18,5648.029785,7032140000,Buy
11/16/18,5575.549805,5279320000,Buy
11/17/18,5554.330078,4303150000,Buy
11/18/18,5623.540039,4159680000,Buy
11/19/18,4871.490234,7039560000,Buy
11/20/18,4451.870117,8428290000,Buy
11/21/18,4602.169922,6120120000,Buy
11/22/18,4365.939941,4569370000,Buy
11/23/18,4347.109863,4871490000,Buy
11/24/18,3880.76001,4679500000,Buy
11/25/18,4009.969971,6825640000,Buy
11/26/18,3779.129883,6476900000,Buy
11/27/18,3820.719971,5998720000,Buy
11/28/18,4257.419922,7280280000,Buy
11/29/18,4278.84668,6503347767,Buy
11/30/18,4017.268555,6048016717,Buy
12/1/18,4214.671875,5375314093,Buy
12/2/18,4139.87793,5262697895,Buy
12/3/18,3894.130859,5089570994,Buy
12/4/18,3956.893799,5028069239,Buy
12/5/18,3753.994873,5302481574,Buy
12/6/18,3521.101807,5878333109,Buy
12/7/18,3419.937256,6835615448,Buy
12/8/18,3476.114746,5305024497,Buy
12/9/18,3614.234375,4947372847,Buy
12/10/18,3502.656006,5020968740,Buy
12/11/18,3424.588135,4696765188,Buy
12/12/18,3486.950195,4139364829,Buy
12/13/18,3313.677246,4343372456,Buy
12/14/18,3242.484863,4372763663,Buy
12/15/18,3236.761719,3551763561,Buy
12/16/18,3252.839111,3744248994,Buy
12/17/18,3545.864746,5409247918,Buy
12/18/18,3696.059082,5911325473,Buy
12/19/18,3745.950684,6810689119,Buy
12/20/18,4134.441406,8927129279,Buy
12/21/18,3896.543701,7206015706,Buy
12/22/18,4014.182617,5605823233,Buy
12/23/18,3998.980225,6151275490,Buy
12/24/18,4078.599121,7240968501,Buy
12/25/18,3815.490723,6158207293,Buy
12/26/18,3857.297607,5326547918,Buy
12/27/18,3654.833496,5130222366,Buy
12/28/18,3923.918701,5631554348,Buy
12/29/18,3820.408691,4991655917,Buy
12/30/18,3865.952637,4770578575,Buy
12/31/18,3742.700439,4661840806,Buy
1/1/19,3843.52002,4324200990,Buy
1/2/19,3943.409424,5244856836,Buy
1/3/19,3836.741211,4530215219,Buy
1/4/19,3857.717529,4847965467,Buy
1/5/19,3845.19458,5137609824,Buy
1/6/19,4076.632568,5597027440,Buy
1/7/19,4025.248291,5228625637,Buy
1/8/19,4030.8479,5306593305,Buy
1/9/19,4035.296387,5115905225,Buy
1/10/19,3678.924561,6874143796,Buy
1/11/19,3687.365479,5538712865,Buy
1/12/19,3661.301025,4778170883,Buy
1/13/19,3552.953125,4681302466,Buy
1/14/19,3706.052246,5651384490,Buy
1/15/19,3630.675293,5537192302,Buy
1/16/19,3655.006836,5394457145,Buy
1/17/19,3678.563965,5464420383,Buy
1/18/19,3657.839355,5002961727,Buy
1/19/19,3728.568359,5955691380,Buy
1/20/19,3601.013672,5582489560,Buy
1/21/19,3576.032471,5004347059,Buy
1/22/19,3604.577148,5313623556,Buy
1/23/19,3585.123047,5433755649,Buy
1/24/19,3600.865479,5262869046,Buy
1/25/19,3599.765869,5265847539,Buy
1/26/19,3602.460449,5098183235,Buy
1/27/19,3583.96582,5570752966,Buy
1/28/19,3470.450439,6908930483,Buy
1/29/19,3448.116943,5897159493,Buy
1/30/19,3486.181641,5955112627,Buy
1/31/19,3457.792725,5831198271,Buy
2/1/19,3487.945313,5422926707,Buy
2/2/19,3521.060791,5071623601,Buy
2/3/19,3464.013428,5043937584,Buy
2/4/19,3459.154053,5332718886,Buy
2/5/19,3466.357422,5227549545,Buy
2/6/19,3413.767822,5482196038,Buy
2/7/19,3399.47168,5004962683,Buy
2/8/19,3666.780273,7735623101,Buy
2/9/19,3671.203613,6158833645,Buy
2/10/19,3690.188232,6282256903,Buy
2/11/19,3648.430664,6277056434,Buy
2/12/19,3653.528564,6480384532,Buy
2/13/19,3632.070557,6438903823,Buy
2/14/19,3616.880859,6271044418,Buy
2/15/19,3620.810791,6091952231,Buy
2/16/19,3629.787598,5934744052,Buy
2/17/19,3673.836182,7039512503,Buy
2/18/19,3915.714355,9908216640,Buy
2/19/19,3947.094482,9933626655,Buy
2/20/19,3999.820557,8693373948,Buy
2/21/19,3954.118164,7775128102,Buy
2/22/19,4005.526611,7826525254,Buy
2/23/19,4142.526855,8922258316,Buy
2/24/19,3810.42749,10794227451,Buy
2/25/19,3882.696289,9318796067,Buy
2/26/19,3854.35791,7931218996,Buy
2/27/19,3851.047363,8301309684,Buy
2/28/19,3854.7854,8399767798,Buy
3/1/19,3859.58374,7661247975,Buy
3/2/19,3864.415039,7578786076,Buy
3/3/19,3847.175781,7253558152,Buy
3/4/19,3761.557129,9029175788,Buy
3/5/19,3896.375,10174126415,Buy
3/6/19,3903.942627,9175291529,Buy
3/7/19,3911.484375,9584165519,Buy
3/8/19,3901.131592,10638638944,Buy
3/9/19,3963.313721,10796103518,Buy
3/10/19,3951.599854,9713267607,Buy
3/11/19,3905.227295,10125901903,Buy
3/12/19,3909.15625,9809887079,Buy
3/13/19,3906.717285,9469184841,Buy
3/14/19,3924.369141,10480789570,Buy
3/15/19,3960.911133,9394210605,Buy
3/16/19,4048.72583,9856166973,Buy
3/17/19,4025.229004,8221625400,Buy
3/18/19,4032.507324,9646954186,Buy
3/19/19,4071.190186,9344919956,Buy
3/20/19,4087.476318,10175916388,Buy
3/21/19,4029.326904,10831212662,Buy
3/22/19,4023.968262,9252935969,Buy
3/23/19,4035.826416,9578850549,Buy
3/24/19,4022.168213,9144851065,Buy
3/25/19,3963.070557,10359818883,Buy
3/26/19,3985.080811,10707678815,Buy
3/27/19,4087.066162,10897131934,Buy
3/28/19,4069.107178,9353915899,Buy
3/29/19,4098.374512,10918665557,Buy
3/30/19,4106.660156,9732688060,Buy
3/31/19,4105.404297,9045122443,Buy
4/1/19,4158.183105,10157794171,Buy
4/2/19,4879.87793,21315047816,Buy
4/3/19,4973.021973,22899891582,Buy
4/4/19,4922.798828,18251810240,Buy
4/5/19,5036.681152,16837325387,Buy
4/6/19,5059.817383,16929795194,Buy
4/7/19,5198.896973,16655416140,Buy
4/8/19,5289.770996,17154113634,Buy
4/9/19,5204.958496,14722104361,Buy
4/10/19,5324.551758,15504590933,Buy
4/11/19,5064.487793,16555616019,Buy
4/12/19,5089.539063,13675206312,Buy
4/13/19,5096.586426,10823289598,Buy
4/14/19,5167.722168,10391952498,Buy
4/15/19,5067.108398,12290155061,Buy
4/16/19,5235.55957,11618660197,Buy
4/17/19,5251.937988,12438480677,Buy
4/18/19,5298.385742,13256489918,Buy
4/19/19,5303.8125,13780238655,Buy
4/20/19,5337.88623,13169647522,Buy
4/21/19,5314.53125,13731844223,Buy
4/22/19,5399.365234,14601631648,Buy
4/23/19,5572.362305,15867308108,Buy
4/24/19,5464.866699,17048033399,Buy
4/25/19,5210.515625,15330283408,Buy
4/26/19,5279.348145,16812108040,Buy
4/27/19,5268.291016,13111274675,Buy
4/28/19,5285.13916,12819992056,Buy
4/29/19,5247.352539,13735490672,Buy
4/30/19,5350.726563,13878964574,Buy
5/1/19,5402.697266,13679528236,Buy
5/2/19,5505.283691,14644460907,Buy
5/3/19,5768.289551,18720780006,Buy
5/4/19,5831.16748,17567780766,Buy
5/5/19,5795.708496,14808830723,Buy
5/6/19,5746.807129,15737171804,Buy
5/7/19,5829.501465,18026409033,Buy
5/8/19,5982.45752,15320605300,Buy
5/9/19,6174.528809,16784645411,Buy
5/10/19,6378.849121,19419875368,Buy
5/11/19,7204.771484,28867562329,Buy
5/12/19,6972.371582,27773333680,Buy
5/13/19,7814.915039,28677672181,Buy
5/14/19,7994.416016,32031452227,Buy
5/15/19,8205.167969,28344112920,Buy
5/16/19,7884.90918,33167197581,Buy
5/17/19,7343.895508,30066644905,Buy
5/18/19,7271.208008,21354286562,Buy
5/19/19,8197.689453,25902422040,Buy
5/20/19,7978.309082,23843404340,Buy
5/21/19,7963.327637,25127245056,Buy
5/22/19,7680.066406,24719473175,Buy
5/23/19,7881.84668,24457107820,Buy
5/24/19,7987.371582,25919126991,Buy
5/25/19,8052.543945,22256813107,Buy
5/26/19,8673.21582,26677970091,Buy
5/27/19,8805.77832,27949839564,Buy
5/28/19,8719.961914,24226919267,Buy
5/29/19,8659.487305,23473479966,Buy
5/30/19,8319.472656,29246528551,Buy
5/31/19,8574.501953,25365190957,Buy
6/1/19,8564.016602,22488303544,Buy
6/2/19,8742.958008,20266216022,Buy
6/3/19,8208.995117,22004511436,Buy
6/4/19,7707.770996,24609731549,Buy
6/5/19,7824.231445,21760923463,Buy
6/6/19,7822.023438,19474611077,Buy
6/7/19,8043.951172,19141423231,Buy
6/8/19,7954.12793,16522722810,Buy
6/9/19,7688.077148,16610726547,Buy
6/10/19,8000.32959,18689275117,Buy
6/11/19,7927.714355,17107279932,Buy
6/12/19,8145.857422,19034432883,Buy
6/13/19,8230.923828,18669407147,Buy
6/14/19,8693.833008,19831162906,Buy
6/15/19,8838.375,18371033226,Buy
6/16/19,8994.488281,23348550311,Buy
6/17/19,9320.352539,15562951919,Buy
6/18/19,9081.762695,15848210536,Buy
6/19/19,9273.521484,15546809946,Buy
6/20/19,9527.160156,17846823784,Buy
6/21/19,10144.55664,20624008643,Buy
6/22/19,10701.69141,29995204861,Buy
6/23/19,10855.37109,20998326502,Buy
6/24/19,11011.10254,19271652365,Buy
6/25/19,11790.91699,24879684533,Buy
6/26/19,13016.23145,45105733173,Sell
6/27/19,11182.80664,39977475223,Buy
6/28/19,12407.33203,35087757766,Buy
6/29/19,11959.37109,29923961128,Buy
6/30/19,10817.15527,27256473494,Buy
7/1/19,10583.13477,29378589324,Buy
7/2/19,10801.67773,31015895223,Buy
7/3/19,11961.26953,30796494294,Buy
7/4/19,11215.4375,25920294033,Buy
7/5/19,10978.45996,23838480210,Buy
7/6/19,11208.55078,21092024306,Buy
7/7/19,11450.84668,19369044277,Buy
7/8/19,12285.95801,23482551458,Sell
7/9/19,12573.8125,28167921523,Sell
7/10/19,12156.5127,33627574244,Sell
7/11/19,11358.66211,28595327690,Buy
7/12/19,11815.98633,23534692797,Buy
7/13/19,11392.37891,21042616384,Buy
7/14/19,10256.05859,22486000001,Buy
7/15/19,10895.08984,25384047207,Buy
7/16/19,9477.641602,24151199070,Buy
7/17/19,9693.802734,24569921549,Buy
7/18/19,10666.48242,25187024648,Buy
7/19/19,10530.73242,20727426310,Buy
7/20/19,10767.13965,20206615155,Buy
7/21/19,10599.10547,17130580467,Buy
7/22/19,10343.10645,16334414913,Buy
7/23/19,9900.767578,17851916995,Buy
7/24/19,9811.925781,17398734322,Buy
7/25/19,9911.841797,15821952090,Buy
7/26/19,9870.303711,14495714483,Buy
7/27/19,9477.677734,16817809536,Buy
7/28/19,9552.860352,13738687093,Buy
7/29/19,9519.145508,13791445323,Buy
7/30/19,9607.423828,13829811132,Buy
7/31/19,10085.62793,16631520648,Buy
8/1/19,10399.66895,17165337858,Buy
8/2/19,10518.1748,17489094082,Buy
8/3/19,10821.72656,15352685061,Buy
8/4/19,10970.18457,16530894787,Buy
8/5/19,11805.65332,23875988832,Sell
8/6/19,11478.16895,23635107660,Buy
8/7/19,11941.96875,22194988641,Sell
8/8/19,11966.40723,19481591730,Sell
8/9/19,11862.93652,18339989960,Sell
8/10/19,11354.02441,18125355447,Buy
8/11/19,11523.5791,15774371518,Buy
8/12/19,11382.61621,13647198229,Buy
8/13/19,10895.83008,16681503537,Buy
8/14/19,10051.7041,19990838300,Buy
8/15/19,10311.5459,22899115082,Buy
8/16/19,10374.33887,20228207096,Buy
8/17/19,10231.74414,13778035685,Buy
8/18/19,10345.81055,12999813869,Buy
8/19/19,10916.05371,16038264603,Buy
8/20/19,10763.23242,15053082175,Buy
8/21/19,10138.0498,19473084768,Buy
8/22/19,10131.05566,17097508856,Buy
8/23/19,10407.96484,15627023886,Buy
8/24/19,10159.96094,15451030650,Buy
8/25/19,10138.51758,14153856610,Buy
8/26/19,10370.82031,18438654080,Buy
8/27/19,10185.5,14762609503,Buy
8/28/19,9754.422852,17603790323,Buy
8/29/19,9510.200195,17045878501,Buy
8/30/19,9598.173828,13595263986,Buy
8/31/19,9630.664063,11454806419,Buy
9/1/19,9757.970703,11445355859,Buy
9/2/19,10346.76074,17248102294,Buy
9/3/19,10623.54004,19384917989,Buy
9/4/19,10594.49316,16742664769,Buy
9/5/19,10575.5332,14551239508,Buy
9/6/19,10353.30273,19536574783,Buy
9/7/19,10517.25488,15307366476,Buy
9/8/19,10441.27637,13670567493,Buy
9/9/19,10334.97461,17595943368,Buy
9/10/19,10115.97559,14906809639,Buy
9/11/19,10178.37207,15428063426,Buy
9/12/19,10410.12695,15323563925,Buy
9/13/19,10360.54688,14109864675,Buy
9/14/19,10358.04883,13468713124,Buy
9/15/19,10347.71289,12043433567,Buy
9/16/19,10276.79395,15160167779,Buy
9/17/19,10241.27246,15304603363,Buy
9/18/19,10198.24805,16169268880,Buy
9/19/19,10266.41504,19937691247,Buy
9/20/19,10181.6416,14734189639,Buy
9/21/19,10019.7168,13425266806,Buy
9/22/19,10070.39258,13199651698,Buy
9/23/19,9729.324219,15144925408,Buy
9/24/19,8620.566406,25002886689,Buy
9/25/19,8486.993164,21744728353,Buy
9/26/19,8118.967773,19258205289,Buy
9/27/19,8251.845703,16408941156,Buy
9/28/19,8245.915039,14141152736,Buy
9/29/19,8104.185547,13034629109,Buy
9/30/19,8293.868164,17115474183,Buy
10/1/19,8343.276367,15305343413,Buy
10/2/19,8393.041992,13125712443,Buy
10/3/19,8259.992188,13668823409,Buy
10/4/19,8205.939453,13139456229,Buy
10/5/19,8151.500488,12200497197,Buy
10/6/19,7988.155762,13160830305,Buy
10/7/19,8245.623047,18009742607,Buy
10/8/19,8228.783203,15592264032,Buy
10/9/19,8595.740234,19384942333,Buy
10/10/19,8586.473633,17618660671,Buy
10/11/19,8321.756836,19604381101,Buy
10/12/19,8336.555664,14532641605,Buy
10/13/19,8321.005859,13808286059,Buy
10/14/19,8374.686523,15151387859,Buy
10/15/19,8205.369141,15220412632,Buy
10/16/19,8047.526855,16071646996,Buy
10/17/19,8103.911133,14313052244,Buy
10/18/19,7973.20752,15651592610,Buy
10/19/19,7988.560547,13797825640,Buy
10/20/19,8222.078125,15504249442,Buy
10/21/19,8243.720703,15868748866,Buy
10/22/19,8078.203125,16803377857,Buy
10/23/19,7514.671875,21942878958,Buy
10/24/19,7493.48877,16268708849,Buy
10/25/19,8660.700195,28705065488,Buy
10/26/19,9244.972656,44496255609,Buy
10/27/19,9551.714844,32593129501,Sell
10/28/19,9256.148438,30948255332,Buy
10/29/19,9427.6875,28426779937,Sell
10/30/19,9205.726563,27706531577,Buy
10/31/19,9199.584961,26583653947,Buy
11/1/19,9261.104492,24324691031,Buy
11/2/19,9324.717773,21242676385,Sell
11/3/19,9235.354492,21132220847,Buy
11/4/19,9412.612305,26170255634,Sell
11/5/19,9342.527344,26198609048,Sell
11/6/19,9360.879883,23133895765,Sell
11/7/19,9267.561523,22700383839,Buy
11/8/19,8804.880859,24333037836,Buy
11/9/19,8813.582031,17578630606,Buy
11/10/19,9055.526367,20587919881,Buy
11/11/19,8757.788086,20265510765,Buy
11/12/19,8815.662109,20309769107,Buy
11/13/19,8808.262695,17545755405,Buy
11/14/19,8708.094727,19084739975,Buy
11/15/19,8491.992188,21796856471,Buy
11/16/19,8550.760742,16495389808,Buy
11/17/19,8577.975586,18668638897,Buy
11/18/19,8309.286133,21579470673,Buy
11/19/19,8206.145508,21083613816,Buy
11/20/19,8027.268066,20764300437,Buy
11/21/19,7642.75,22514243371,Buy
11/22/19,7296.577637,34242315785,Buy
11/23/19,7397.796875,21008924418,Buy
11/24/19,7047.916992,30433517289,Buy
11/25/19,7146.133789,42685231262,Buy
11/26/19,7218.371094,21129505542,Buy
11/27/19,7531.663574,23991412764,Buy
11/28/19,7463.105957,19050116751,Buy
11/29/19,7761.243652,19709695456,Buy
11/30/19,7569.629883,17158194786,Buy
12/1/19,7424.29248,18720708479,Buy
12/2/19,7321.988281,17082040706,Buy
12/3/19,7320.145508,14797485769,Buy
12/4/19,7252.034668,21664240918,Buy
12/5/19,7448.307617,18816085231,Buy
12/6/19,7546.996582,18104466307,Buy
12/7/19,7556.237793,15453520564,Buy
12/8/19,7564.345215,15409908086,Buy
12/9/19,7400.899414,17872021272,Buy
12/10/19,7278.119629,18249031195,Buy
12/11/19,7217.427246,16350490689,Buy
12/12/19,7243.134277,18927080224,Buy
12/13/19,7269.68457,17125736940,Buy
12/14/19,7124.673828,17137029730,Buy
12/15/19,7152.301758,16881129804,Buy
12/16/19,6932.480469,20213265950,Buy
12/17/19,6640.515137,22363804217,Buy
12/18/19,7276.802734,31836522778,Buy
12/19/19,7202.844238,25904604416,Buy
12/20/19,7218.816406,22633815180,Buy
12/21/19,7191.158691,19312552168,Buy
12/22/19,7511.588867,23134537956,Buy
12/23/19,7355.628418,27831788041,Buy
12/24/19,7322.532227,22991622105,Buy
12/25/19,7275.155762,21559505149,Buy
12/26/19,7238.966797,22787010034,Buy
12/27/19,7290.088379,22777360996,Buy
12/28/19,7317.990234,21365673026,Buy
12/29/19,7422.652832,22445257702,Buy
12/30/19,7292.995117,22874131672,Buy
12/31/19,7193.599121,21167946112,Buy
1/1/20,7200.174316,18565664997,Buy
1/2/20,6985.470215,20802083465,Buy
1/3/20,7344.884277,28111481032,Buy
1/4/20,7410.656738,18444271275,Buy
1/5/20,7411.317383,19725074095,Buy
1/6/20,7769.219238,23276261598,Buy
1/7/20,8163.692383,28767291327,Buy
1/8/20,8079.862793,31672559265,Buy
1/9/20,7879.071289,24045990466,Buy
1/10/20,8166.554199,28714583844,Buy
1/11/20,8037.537598,25521165085,Buy
1/12/20,8192.494141,22903438381,Buy
1/13/20,8144.194336,22482910688,Buy
1/14/20,8827.764648,44841784107,Buy
1/15/20,8807.010742,40102834650,Buy
1/16/20,8723.786133,31313981931,Buy
1/17/20,8929.038086,36372139320,Buy
1/18/20,8942.808594,32337772627,Buy
1/19/20,8706.245117,34217320471,Buy
1/20/20,8657.642578,26422375678,Buy
1/21/20,8745.894531,24097418512,Buy
1/22/20,8680.875977,22600204051,Buy
1/23/20,8406.515625,25770680779,Buy
1/24/20,8445.43457,24397913026,Buy
1/25/20,8367.847656,19647331549,Buy
1/26/20,8596.830078,22177678796,Buy
1/27/20,8909.819336,28647338393,Buy
1/28/20,9358.589844,34398744403,Buy
1/29/20,9316.629883,30682598115,Buy
1/30/20,9508.993164,32378792851,Buy
1/31/20,9350.529297,29432489719,Buy
2/1/20,9392.875,25922656496,Buy
2/2/20,9344.365234,30835736946,Buy
2/3/20,9293.521484,30934096509,Buy
2/4/20,9180.962891,29893183716,Buy
2/5/20,9613.423828,35222060874,Buy
2/6/20,9729.801758,37628823716,Buy
2/7/20,9795.943359,34522718159,Buy
2/8/20,9865.119141,35172043762,Buy
2/9/20,10116.67383,35807884663,Buy
2/10/20,9856.611328,39386548075,Buy
2/11/20,10208.23633,37648059389,Buy
2/12/20,10326.05469,43444303830,Buy
2/13/20,10214.37988,49356071373,Buy
2/14/20,10312.11621,43338264162,Buy
2/15/20,9889.424805,43865054831,Buy
2/16/20,9934.433594,43374780305,Buy
2/17/20,9690.142578,45998298413,Buy
2/18/20,10141.99609,47271023953,Buy
2/19/20,9633.386719,46992019710,Buy
2/20/20,9608.475586,44925260237,Buy
2/21/20,9686.441406,40930547513,Buy
2/22/20,9663.181641,35838025154,Buy
2/23/20,9924.515625,41185185761,Buy
2/24/20,9650.174805,45080496648,Buy
2/25/20,9341.705078,42515259129,Buy
2/26/20,8820.522461,50420050762,Buy
2/27/20,8784.494141,45470195695,Buy
2/28/20,8672.455078,44605450443,Buy
2/29/20,8599.508789,35792392544,Buy
3/1/20,8562.454102,35349164300,Buy
3/2/20,8869.669922,42857674409,Buy
3/3/20,8787.786133,42386715821,Buy
3/4/20,8755.246094,34746706368,Buy
3/5/20,9078.762695,39698054597,Buy
3/6/20,9122.545898,40826885651,Buy
3/7/20,8909.954102,36216930370,Buy
3/8/20,8108.116211,39973102121,Buy
3/9/20,7923.644531,46936995808,Buy
3/10/20,7909.729492,42213940994,Buy
3/11/20,7911.430176,38682762605,Buy
3/12/20,4970.788086,53980357243,Buy
3/13/20,5563.707031,74156772075,Buy
3/14/20,5200.366211,36154506008,Buy
3/15/20,5392.314941,33997889639,Buy
3/16/20,5014.47998,45368026430,Buy
3/17/20,5225.629395,38622642935,Buy
3/18/20,5238.438477,37878801016,Buy
3/19/20,6191.192871,51000731797,Buy
3/20/20,6198.77832,54442976103,Buy
3/21/20,6185.066406,42494390880,Buy
3/22/20,5830.254883,40099664740,Buy
3/23/20,6416.314941,46491916000,Buy
3/24/20,6734.803711,48221910672,Buy
3/25/20,6681.062988,44590107888,Buy
3/26/20,6716.44043,35319797642,Buy
3/27/20,6469.79834,34585598367,Buy
3/28/20,6242.193848,34885225901,Buy
3/29/20,5922.042969,28373690931,Buy
3/30/20,6429.841797,37101651525,Buy
3/31/20,6438.644531,32786468812,Buy
4/1/20,6606.776367,40346426266,Buy
4/2/20,6793.624512,47660646124,Buy
4/3/20,6733.387207,38976504903,Buy
4/4/20,6867.527344,33185988584,Buy
4/5/20,6791.129395,29510409856,Buy
4/6/20,7271.78125,46896904615,Buy
4/7/20,7176.414551,44243482668,Buy
4/8/20,7334.098633,37563249549,Buy
4/9/20,7302.089355,34815139178,Buy
4/10/20,6865.493164,43622840992,Buy
4/11/20,6859.083008,31222085946,Buy
4/12/20,6971.091797,35759567632,Buy
4/13/20,6845.037598,38619308647,Buy
4/14/20,6842.427734,34110434052,Buy
4/15/20,6642.109863,32288311031,Buy
4/16/20,7116.804199,46783242377,Buy
4/17/20,7083.3,39615215681,Buy
4/18/20,7257.665039,32447188386,Buy
4/19/20,7189.424805,31311210215,Buy
4/20/20,6881.958496,37747113936,Buy
4/21/20,6880.323242,32589741511,Buy
4/22/20,7117.20752,33249153866,Buy
4/23/20,7429.724609,43500782316,Buy
4/24/20,7550.900879,34636526286,Buy
4/25/20,7569.936035,32941541447,Buy
4/26/20,7679.867188,33070154491,Buy
4/27/20,7795.601074,36162144725,Buy
4/28/20,7807.058594,33187959921,Buy
4/29/20,8801.038086,60201052203,Buy
4/30/20,8658.553711,66964629541,Buy
5/1/20,8864.766602,44068389997,Buy
5/2/20,8988.59668,40134388683,Buy
5/3/20,8897.46875,47101785174,Buy
5/4/20,8912.654297,45718796276,Buy
5/5/20,9003.070313,43148462663,Buy
5/6/20,9268.761719,49371886931,Buy
5/7/20,9951.518555,61112700562,Buy
5/8/20,9842.666016,51780748042,Buy
5/9/20,9593.896484,46566121841,Buy
5/10/20,8756.430664,63325279337,Buy
5/11/20,8601.795898,57119858802,Buy
5/12/20,8804.477539,42142717533,Buy
5/13/20,9269.987305,45558144023,Buy
5/14/20,9733.72168,56426907637,Buy
5/15/20,9328.197266,48158802327,Buy
5/16/20,9377.013672,36164766408,Buy
5/17/20,9670.739258,40084250663,Buy
5/18/20,9726.575195,41827139896,Buy
5/19/20,9729.038086,39254288955,Buy
5/20/20,9522.981445,36546239703,Buy
5/21/20,9081.761719,39326160532,Buy
5/22/20,9182.577148,29810773699,Buy
5/23/20,9209.287109,27727866812,Buy
5/24/20,8790.368164,32518803300,Buy
5/25/20,8906.93457,31288157264,Buy
5/26/20,8835.052734,29584186947,Buy
5/27/20,9181.017578,32740536902,Buy
5/28/20,9525.750977,34367073114,Buy
5/29/20,9439.124023,32896642044,Buy
5/30/20,9700.414063,32722975141,Buy
5/31/20,9461.058594,27773290299,Buy
6/1/20,10167.26855,35198901068,Buy
6/2/20,9529.803711,39137252109,Buy
6/3/20,9656.717773,25007459262,Buy
6/4/20,9800.636719,25921805072,Buy
6/5/20,9665.533203,23509628646,Buy
6/6/20,9653.679688,20438419222,Buy
6/7/20,9758.852539,25015250846,Buy
6/8/20,9771.489258,21486346312,Buy
6/9/20,9795.700195,23717842783,Buy
6/10/20,9870.094727,25706567601,Buy
6/11/20,9321.78125,30247143440,Buy
6/12/20,9480.84375,22610564515,Buy
6/13/20,9475.277344,17564322315,Buy
6/14/20,9386.788086,18991732746,Buy
6/15/20,9450.702148,26699704768,Buy
6/16/20,9538.024414,21565537209,Buy
6/17/20,9480.254883,20177709879,Buy
6/18/20,9411.84082,17770083003,Buy
6/19/20,9288.018555,19632223107,Buy
6/20/20,9332.34082,17130541557,Buy
6/21/20,9303.629883,15324301169,Buy
6/22/20,9648.717773,21104009514,Buy
6/23/20,9629.658203,17006433272,Buy
6/24/20,9313.610352,18961716076,Buy
6/25/20,9264.813477,18616048626,Buy
6/26/20,9162.917969,18341465837,Buy
6/27/20,9045.390625,17273093144,Buy
6/28/20,9143.582031,14560870760,Buy
6/29/20,9190.854492,16460547078,Buy
6/30/20,9137.993164,15735797744,Buy
7/1/20,9228.325195,15971550355,Buy
7/2/20,9123.410156,16338916796,Buy
7/3/20,9087.303711,13078970999,Buy
7/4/20,9132.488281,12290528515,Buy
7/5/20,9073.942383,12903406143,Buy
7/6/20,9375.474609,17889263252,Buy
7/7/20,9252.277344,13839652595,Buy
7/8/20,9428.333008,19702359883,Buy
7/9/20,9277.967773,18000702524,Buy
7/10/20,9278.807617,16860035605,Buy
7/11/20,9240.34668,13249910444,Buy
7/12/20,9276.5,14452361907,Buy
7/13/20,9243.614258,17519821266,Buy
7/14/20,9243.213867,18085038362,Buy
7/15/20,9192.836914,15844731575,Buy
7/16/20,9132.227539,15713967523,Buy
7/17/20,9151.392578,13944570749,Buy
7/18/20,9159.040039,12252601475,Buy
7/19/20,9185.817383,12939002784,Buy
7/20/20,9164.231445,13755604146,Buy
7/21/20,9374.887695,18069581956,Buy
7/22/20,9525.363281,16532254884,Buy
7/23/20,9581.072266,18146399002,Buy
7/24/20,9536.892578,16552768325,Buy
7/25/20,9677.113281,16610070933,Buy
7/26/20,9905.166992,20507998997,Buy
7/27/20,10990.87305,35359749590,Buy
7/28/20,10912.82324,28766551142,Buy
7/29/20,11100.46777,24617249715,Buy
7/30/20,11111.21387,22857247901,Buy
7/31/20,11323.4668,23160469766,Buy
8/1/20,11759.59277,26075670303,Buy
8/2/20,11053.61426,27410067336,Buy
8/3/20,11246.34863,20271713443,Buy
8/4/20,11205.89258,21250197042,Buy
8/5/20,11747.02246,24411254471,Buy
8/6/20,11779.77344,23400740340,Buy
8/7/20,11601.47266,23132312867,Buy
8/8/20,11754.0459,17572057837,Buy
8/9/20,11675.73926,17489608833,Buy
8/10/20,11878.11133,26114112569,Buy
8/11/20,11410.52539,27039782640,Buy
8/12/20,11584.93457,25064548486,Buy
8/13/20,11784.1377,27522199497,Buy
8/14/20,11768.87109,24237958589,Buy
8/15/20,11865.69824,23354924400,Buy
8/16/20,11892.80371,20583375490,Buy
8/17/20,12254.40234,28227687027,Buy
8/18/20,11991.2334,26043227672,Buy
8/19/20,11758.2832,24502851117,Buy
8/20/20,11878.37207,20175242945,Buy
8/21/20,11592.48926,23762425999,Buy
8/22/20,11681.8252,20224191306,Buy
8/23/20,11664.84766,18482062658,Buy
8/24/20,11774.5957,20681511755,Buy
8/25/20,11366.13477,26301509932,Buy
8/26/20,11488.36328,22466660958,Buy
8/27/20,11323.39746,23240415076,Buy
8/28/20,11542.5,19807127588,Buy
8/29/20,11506.86523,17485597759,Buy
8/30/20,11711.50586,19760127945,Buy
8/31/20,11680.82031,22285928250,Buy
9/1/20,11970.47852,27311555343,Buy
9/2/20,11414.03418,28037405299,Buy
9/3/20,10245.29688,31927261555,Buy
9/4/20,10511.81348,29965130374,Buy
9/5/20,10169.56738,44916565292,Buy
9/6/20,10280.35156,37071460174,Buy
9/7/20,10369.56348,33703098409,Buy
9/8/20,10131.5166,33430927462,Buy
9/9/20,10242.34766,24128292755,Buy
9/10/20,10363.13867,54406443211,Buy
9/11/20,10400.91504,45201121775,Buy
9/12/20,10442.1709,36750077324,Buy
9/13/20,10323.75586,36506852789,Buy
9/14/20,10680.83789,35453581940,Buy
9/15/20,10796.95117,32509451925,Buy
9/16/20,10974.90527,30769986455,Buy
9/17/20,10948.99023,38151810523,Buy
9/18/20,10944.58594,26341903912,Buy
9/19/20,11094.34668,22764204008,Buy
9/20/20,10938.27148,24699523788,Buy
9/21/20,10462.25977,28884999244,Buy
9/22/20,10538.45996,23621787804,Buy
9/23/20,10225.86426,22986733997,Buy
9/24/20,10745.54883,23017536742,Buy
9/25/20,10702.29004,21232549821,Buy
9/26/20,10754.4375,18105012128,Buy
9/27/20,10774.42676,18016880214,Buy
9/28/20,10721.32715,22720365389,Buy
9/29/20,10848.83008,20459870042,Buy
9/30/20,10787.61816,20759622010,Buy
10/1/20,10623.33008,27178227816,Buy
10/2/20,10585.16406,23127839259,Buy
10/3/20,10565.49316,17094010304,Buy
10/4/20,10684.42871,17546792792,Buy
10/5/20,10804.00098,19385191766,Buy
10/6/20,10621.66406,22264958686,Buy
10/7/20,10679.13672,17634388529,Buy
10/8/20,10923.62793,21962121001,Buy
10/9/20,11419.8,22420978588,Buy
10/10/20,11296.36133,22877978588,Buy
10/11/20,11384.18164,19968627060,Buy
10/12/20,11469.1,24103426719,Buy
10/13/20,11442.7,24103426719,Buy
10/14/20,11429.50684,24103426719,Buy
10/15/20,11495.34961,24487233058,Buy
10/16/20,11322.12305,25635480772,Buy
10/17/20,11358.10156,19130430174,Buy
10/18/20,11483.35938,18283314340,Buy
10/19/20,11742.03711,23860769928,Buy
10/20/20,11916.33496,30915821592,Buy
10/21/20,12823.68945,43414712626,Buy
10/22/20,12965.8916,34729759598,Buy
10/23/20,12931.53906,28974975003,Buy
10/24/20,13108.0625,24542317940,Buy
10/25/20,13031.17383,24406920575,Buy
10/26/20,13075.24805,29461458313,Buy
10/27/20,13654.21875,33749878156,Buy
10/28/20,13271.28516,35867318895,Buy
10/29/20,13437.88281,56499499598,Buy
10/30/20,13546.52246,30581485201,Buy
10/31/20,13780.99512,30306464719,Buy
11/1/20,13737.10938,24453857900,Buy
11/2/20,13550.48926,30771455468,Buy
11/3/20,13950.30078,29869951617,Buy
11/4/20,14133.70703,35116364962,Buy
11/5/20,15579.84863,40856321439,Buy
11/6/20,15565.88086,39837841971,Buy
11/7/20,14833.75391,35024953706,Buy
11/8/20,15479.56738,26632075029,Buy
11/9/20,15332.31543,34149115566,Buy
11/10/20,15290.90234,25574938143,Buy
11/11/20,15701.33984,29772374934,Buy
11/12/20,16276.34375,34175758344,Buy
11/13/20,16317.80859,31599492172,Buy
11/14/20,16068.13867,27481710135,Buy
11/15/20,15955.58789,23653867583,Buy
11/16/20,16716.11133,31526766675,Buy
11/17/20,17645.40625,39006849170,Buy
11/18/20,17804.00586,49064800278,Buy
11/19/20,17817.08984,36985055355,Buy
11/20/20,18621.31445,36992873940,Buy
11/21/20,18642.23242,39650210707,Buy
11/22/20,18370.00195,41280434226,Buy
11/23/20,18364.12109,42741112308,Buy
11/24/20,19107.46484,51469565009,Buy
11/25/20,18732.12109,43710357371,Buy
11/26/20,17150.62305,61396835737,Buy
11/27/20,17108.40234,38886494645,Buy
11/28/20,17717.41406,32601040734,Buy
11/29/20,18177.48438,31133957704,Buy
11/30/20,19625.83594,47728480399,Buy
12/1/20,18802.99805,49633658712,Buy
12/2/20,19201.0918,37387697139,Buy
12/3/20,19445.39844,31930317405,Buy
12/4/20,18699.76563,33872388058,Buy
12/5/20,19154.23047,27242455064,Buy
12/6/20,19345.12109,25293775714,Buy
12/7/20,19191.63086,26896357742,Buy
12/8/20,18321.14453,31692288756,Buy
12/9/20,18553.91602,34420373071,Buy
12/10/20,18264.99219,25547132265,Buy
12/11/20,18058.9043,27919640985,Buy
12/12/20,18803.65625,21752580802,Buy
12/13/20,19142.38281,25450468637,Buy
12/14/20,19246.64453,22473997681,Buy
12/15/20,19417.07617,26741982541,Buy
12/16/20,21310.59766,44409011479,Buy
12/17/20,22805.16211,71378606374,Buy
12/18/20,23137.96094,40387896275,Buy
12/19/20,23869.83203,38487546580,Buy
12/20/20,23477.29492,37844228422,Buy
12/21/20,22803.08203,45852713981,Buy
12/22/20,23783.0293,44171632681,Buy
12/23/20,23241.3457,51146161904,Buy
12/24/20,23735.94922,41080759713,Buy
12/25/20,24664.79102,42068395846,Buy
12/26/20,26437.03711,48332647295,Buy
12/27/20,26272.29492,66479895605,Buy
12/28/20,27084.80859,49056742893,Buy
12/29/20,27362.4375,45265946774,Buy
12/30/20,28840.95313,51287442704,Buy
12/31/20,29001.7207,46754964848,Buy
1/1/21,29374.15234,40730301359,Buy
1/2/21,32127.26758,67865420765,Buy
1/3/21,32782.02344,78665235202,Buy
1/4/21,31971.91406,81163475344,Buy
1/5/21,33992.42969,67547324782,Buy
1/6/21,36824.36328,75289433811,Buy
1/7/21,39371.04297,84762141031,Sell
1/8/21,40797.60938,88107519480,Sell
1/9/21,40254.54688,61984162837,Buy
1/10/21,38356.44141,79980747690,Buy
1/11/21,35566.65625,1.23E+11,Buy
1/12/21,33922.96094,74773277909,Buy
1/13/21,37316.35938,69364315979,Buy
1/14/21,39187.32813,63615990033,Buy
1/15/21,36825.36719,67760757881,Buy
1/16/21,36178.14063,57706187875,Buy
1/17/21,35791.27734,52359854336,Buy
1/18/21,36630.07422,49511702429,Buy
1/19/21,36069.80469,57244195486,Buy
1/20/21,35547.75,66834573161,Buy
1/21/21,30825.69922,75643067688,Buy
1/22/21,33005.76172,77207272511,Buy
1/23/21,32067.64258,48354737975,Buy
1/24/21,32289.37891,48643830599,Buy
1/25/21,32366.39258,59897054838,Buy
1/26/21,32569.84961,60255421470,Buy
1/27/21,30432.54688,62576762015,Buy
1/28/21,31649.60547,78948162368,Buy
1/29/21,34316.38672,1.18E+11,Buy
1/30/21,34269.52344,65141828798,Buy
1/31/21,33114.35938,52754542671,Buy
2/1/21,33537.17578,61400400660,Buy
2/2/21,35510.28906,63088585433,Buy
2/3/21,37472.08984,61166818159,Buy
2/4/21,36926.06641,68838074392,Buy
2/5/21,38144.30859,58598066402,Buy
2/6/21,39266.01172,71326033653,Buy
2/7/21,38903.44141,65500641143,Buy
2/8/21,46196.46484,1.01E+11,Buy
2/9/21,46481.10547,91809846886,Buy
2/10/21,44918.18359,87301089896,Buy
2/11/21,47909.33203,81388911810,Buy
2/12/21,47504.85156,76555041196,Buy
2/13/21,47105.51563,70250456155,Buy
2/14/21,48717.28906,71248675228,Buy
2/15/21,47945.05859,77069903166,Buy
2/16/21,49199.87109,77049582886,Buy
2/17/21,52149.00781,80820545404,Buy
2/18/21,51679.79688,52054723579,Buy
2/19/21,55888.13281,63495496918,Sell
2/20/21,56099.51953,68145460026,Sell
2/21/21,57539.94531,51897585191,Sell
2/22/21,54207.32031,92052420332,Buy
2/23/21,48824.42578,1.06E+11,Buy
2/24/21,49705.33203,63695521388,Buy
2/25/21,47093.85156,54506565949,Buy
2/26/21,46339.76172,3.51E+11,Buy
2/27/21,46188.45313,45910946382,Buy
2/28/21,45137.76953,53443887451,Buy
3/1/21,49631.24219,53891300112,Buy
3/2/21,48378.98828,47530897720,Buy
3/3/21,50538.24219,53220811975,Buy
3/4/21,48561.16797,52343816680,Buy
3/5/21,48927.30469,48625928883,Buy
3/6/21,48912.38281,34363564661,Buy
3/7/21,51206.69141,43137459378,Buy
3/8/21,52246.52344,48597428048,Buy
3/9/21,54824.11719,50912227385,Buy
3/10/21,56008.55078,57295577614,Buy
3/11/21,57805.12109,56772343595,Buy
3/12/21,57332.08984,55689944702,Buy
3/13/21,61243.08594,60669829814,Sell
3/14/21,59302.31641,43901225564,Buy
3/15/21,55907.19922,66419369890,Buy
3/16/21,56804.90234,59749798599,Buy
3/17/21,58870.89453,60258313191,Buy
3/18/21,57858.92188,55746041000,Buy
3/19/21,58346.65234,49063873786,Buy
3/20/21,58313.64453,50361731222,Buy
3/21/21,57523.42188,51943414539,Buy
3/22/21,54529.14453,56521454974,Buy
3/23/21,54738.94531,56435023914,Buy
3/24/21,52774.26563,70567223787,Buy
3/25/21,51704.16016,67999812841,Buy
3/26/21,55137.3125,56652197978,Buy
3/27/21,55973.51172,47266542233,Buy
3/28/21,55950.74609,47686580918,Buy
3/29/21,57750.19922,57625587027,Buy
3/30/21,58917.69141,54414116432,Buy
3/31/21,58918.83203,65520826225,Buy
4/1/21,59095.80859,61669163792,Buy
4/2/21,59384.3125,58727860620,Buy
4/3/21,57603.89063,59641344484,Buy
4/4/21,58758.55469,50749662970,Buy
4/5/21,59057.87891,60706272115,Buy
4/6/21,58192.35938,66058027988,Buy
4/7/21,56048.9375,75645303584,Buy
4/8/21,58323.95313,53053855641,Buy
4/9/21,58245.00391,46655208546,Buy
4/10/21,59793.23438,58238470525,Buy
4/11/21,60204.96484,46280252580,Buy
4/12/21,59893.45313,51828688519,Buy
4/13/21,63503.45703,69983454362,Sell
4/14/21,63109.69531,77451779687,Sell
4/15/21,63314.01172,60954381579,Sell
4/16/21,61572.78906,84293007468,Buy
4/17/21,60683.82031,66138759198,Buy
4/18/21,56216.18359,97468872758,Buy
4/19/21,55724.26563,65344865159,Buy
4/20/21,56473.03125,67849323955,Buy
4/21/21,53906.08984,54926612466,Buy
4/22/21,51762.27344,74798630778,Buy
4/23/21,51093.65234,86668667320,Buy
4/24/21,50050.86719,49014494781,Buy
4/25/21,49004.25391,46117114240,Buy
4/26/21,54021.75391,58284039825,Buy
4/27/21,55033.11719,49448222757,Buy
4/28/21,54824.70313,48000572955,Buy
4/29/21,53555.10938,46088929780,Buy
4/30/21,57750.17578,52395931985,Buy
5/1/21,57828.05078,42836427360,Buy
5/2/21,56631.07813,38177405335,Buy
5/3/21,57200.29297,51713139031,Buy
5/4/21,53333.53906,68564706967,Buy
5/5/21,57424.00781,69241316747,Buy
5/6/21,56396.51563,69523285106,Buy
5/7/21,57356.40234,68434023376,Buy
5/8/21,58803.77734,65382980634,Sell
5/9/21,58232.31641,65906690347,Sell
5/10/21,55859.79688,71776546298,Buy
5/11/21,56704.57422,61308396325,Buy
5/12/21,49150.53516,75215403907,Buy
5/13/21,49716.19141,96721152926,Buy
5/14/21,49880.53516,55737497453,Buy
5/15/21,46760.1875,59161047474,Buy
5/16/21,46456.05859,64047871555,Buy
5/17/21,43537.51172,74903638450,Buy
5/18/21,42909.40234,56187365084,Buy
5/19/21,37002.44141,1.26E+11,Buy
5/20/21,40782.73828,88281943359,Buy
5/21/21,37304.69141,82051616861,Buy
5/22/21,37536.63281,57377273240,Buy
5/23/21,34770.58203,78469274361,Buy
5/24/21,38705.98047,67359584098,Buy
5/25/21,38402.22266,56211915803,Buy
5/26/21,39294.19922,51346735160,Buy
5/27/21,38436.96875,43210968721,Buy
5/28/21,35697.60547,55200191952,Buy
5/29/21,34616.06641,45231013335,Buy
5/30/21,35678.12891,31646080921,Buy
5/31/21,37332.85547,39009847639,Buy
6/1/21,36684.92578,34639423297,Buy
6/2/21,37575.17969,33070867190,Buy
6/3/21,39208.76563,35460750427,Buy
6/4/21,36894.40625,41831090187,Buy
6/5/21,35551.95703,35959473399,Buy
6/6/21,35862.37891,28913440585,Buy
6/7/21,33560.70703,33683936663,Buy
6/8/21,33472.63281,49902050442,Buy
6/9/21,37345.12109,53972919008,Buy
6/10/21,36702.59766,43576032854,Buy
6/11/21,37334.39844,38699736985,Buy
6/12/21,35552.51563,37924228550,Buy
6/13/21,39097.85938,40669112838,Sell
6/14/21,40218.47656,43148914673,Sell
6/15/21,40406.26953,46420149185,Sell
6/16/21,38347.0625,39211635100,Buy
6/17/21,38053.50391,37096670047,Buy
6/18/21,35787.24609,36200887275,Buy
6/19/21,35615.87109,31207279719,Buy
6/20/21,35698.29688,36664034054,Buy
6/21/21,31676.69336,52809038594,Buy
6/22/21,32505.66016,58964353058,Buy
6/23/21,33723.02734,46317108925,Buy
6/24/21,34662.4375,33123368116,Buy
6/25/21,31637.7793,40230904226,Buy
6/26/21,32186.27734,38585385521,Buy
6/27/21,34649.64453,35511640894,Buy
6/28/21,34434.33594,33892523752,Buy
6/29/21,35867.77734,37901460044,Buy
6/30/21,35040.83594,34059036099,Buy
7/1/21,33572.11719,37838957079,Buy
7/2/21,33897.04688,38728974942,Buy
7/3/21,34668.54688,24383958643,Buy
7/4/21,35287.78125,24924307911,Buy
7/5/21,33746.00391,26721554282,Buy
7/6/21,34235.19531,26501259870,Buy
7/7/21,33855.32813,24796027477,Buy
7/8/21,32877.37109,29910396946,Buy
7/9/21,33798.01172,27436021028,Buy
7/10/21,33520.51953,22971873468,Buy
7/11/21,34240.1875,20108729370,Buy
7/12/21,33155.84766,24321499537,Buy
7/13/21,32702.02539,19120856669,Buy
7/14/21,32822.34766,21376531210,Buy
7/15/21,31780.73047,21300524237,Buy
7/16/21,31421.53906,23699476918,Buy
7/17/21,31533.06836,18895018942,Buy
7/18/21,31796.81055,18787986667,Buy
7/19/21,30817.83203,20434789545,Buy
7/20/21,29807.34766,23148267245,Buy
7/21/21,32110.69336,28203024559,Buy
7/22/21,32313.10547,19555230518,Buy
7/23/21,33581.55078,22552046192,Buy
7/24/21,34292.44531,21664706865,Buy
7/25/21,35350.1875,20856685287,Buy
7/26/21,37337.53516,51022126212,Buy
7/27/21,39406.94141,35097370560,Buy
7/28/21,39995.90625,38702404695,Buy
7/29/21,40008.42188,27167146027,Buy
7/30/21,42235.54688,33072782960,Buy
7/31/21,41626.19531,25802845343,Buy
8/1/21,39974.89453,26688438115,Buy
8/2/21,39201.94531,25595265436,Buy
8/3/21,38152.98047,26189830450,Buy
8/4/21,39747.50391,25372562724,Buy
8/5/21,40869.55469,35185031017,Buy
8/6/21,42816.5,38226483046,Buy
8/7/21,44555.80078,40030862141,Buy
8/8/21,43798.11719,36302664750,Buy
8/9/21,46365.40234,38734079049,Buy
8/10/21,45585.03125,33546019517,Buy
8/11/21,45593.63672,34319709073,Buy
8/12/21,44428.28906,33723620826,Buy
8/13/21,47793.32031,31744259539,Buy
8/14/21,47096.94531,31211354442,Buy
8/15/21,47047.00391,30988958446,Buy
8/16/21,46004.48438,32776876610,Buy
8/17/21,44695.35938,33451362600,Buy
8/18/21,44801.1875,32194123075,Buy
8/19/21,46717.57813,37204312299,Buy
8/20/21,49339.17578,34706867452,Buy